"Event_Event_id","Staff_Staff_id"
1,36
1,26
1,80
1,96
1,61
1,66
1,31
1,76
1,81
1,50
1,70
1,60
1,2
1,89
1,49
1,62
1,85
1,59
1,99
1,75
1,37
1,87
1,15
1,48
1,43
1,3
1,34
2,21
2,51
2,11
2,40
2,70
2,30
2,46
2,6
2,71
2,26
2,91
2,96
2,80
2,41
2,60
2,36
2,31
2,50
2,25
2,88
2,15
2,28
2,29
2,57
2,58
2,87
2,92
2,89
2,55
2,35
2,22
2,72
2,19
2,45
2,62
2,48
2,23
2,33
2,63
2,13
3,96
3,10
3,30
3,80
3,91
3,60
3,51
3,31
3,36
3,11
3,66
3,18
3,28
3,5
3,58
3,35
3,42
3,25
3,52
3,95
3,77
3,65
3,33
3,3
3,73
4,61
4,31
4,40
4,6
4,86
4,60
4,90
4,26
4,80
4,21
4,51
4,16
4,41
4,91
4,1
4,2
4,69
4,39
4,82
4,62
4,8
4,9
4,55
4,97
4,42
4,79
4,18
4,72
4,87
4,7
4,53
4,84
5,31
5,11
5,36
5,20
5,10
5,70
5,21
5,61
5,16
5,41
5,76
5,51
5,26
5,71
5,66
5,99
5,82
5,15
5,5
5,55
5,45
5,12
5,2
5,8
5,88
5,19
5,92
5,59
5,98
5,39
5,84
5,24
5,93
5,23
6,46
6,60
6,100
6,90
6,26
6,31
6,66
6,36
6,80
6,86
6,6
6,39
6,5
6,49
6,28
6,27
6,55
6,22
6,75
6,29
6,79
6,78
6,94
6,24
7,20
7,90
7,80
7,16
7,1
7,31
7,70
7,26
7,91
7,100
7,41
7,36
7,5
7,62
7,25
7,15
7,65
7,2
7,99
7,28
7,89
7,78
7,57
7,27
7,94
7,24
8,1
8,71
8,50
8,40
8,36
8,21
8,6
8,41
8,11
8,10
8,100
8,15
8,87
8,59
8,2
8,48
8,72
8,28
8,17
8,18
8,85
8,98
8,13
8,83
9,21
9,1
9,56
9,71
9,80
9,70
9,16
9,11
9,86
9,76
9,41
9,50
9,91
9,90
9,36
9,31
9,30
9,10
9,87
9,58
9,12
9,22
9,32
9,59
9,55
9,17
9,77
9,25
9,48
9,95
9,75
9,7
9,8
9,82
9,92
9,9
9,74
9,44
9,54
9,24
10,1
10,36
10,100
10,70
10,91
10,90
10,86
10,56
10,80
10,50
10,51
10,21
10,40
10,29
10,42
10,68
10,49
10,87
10,32
10,47
10,45
10,78
10,75
10,69
10,35
10,27
10,24
10,73
10,34
11,46
11,51
11,16
11,90
11,31
11,81
11,40
11,71
11,91
11,60
11,20
11,26
11,21
11,58
11,75
11,89
11,79
11,98
11,39
11,57
11,8
11,5
11,25
11,65
11,78
11,97
11,63
11,24
11,13
11,83
12,80
12,46
12,60
12,91
12,20
12,81
12,26
12,90
12,31
12,70
12,40
12,71
12,61
12,86
12,10
12,11
12,36
12,100
12,22
12,9
12,79
12,65
12,28
12,99
12,55
12,57
12,67
12,27
12,89
12,5
12,52
12,88
12,42
12,77
12,48
12,45
12,54
12,93
12,64
12,73
13,26
13,40
13,20
13,80
13,76
13,10
13,6
13,96
13,30
13,81
13,71
13,91
13,51
13,72
13,48
13,57
13,77
13,18
13,9
13,38
13,32
13,8
13,2
13,15
13,17
13,79
13,3
13,34
13,14
13,83
14,50
14,76
14,21
14,26
14,30
14,16
14,70
14,41
14,91
14,46
14,11
14,1
14,51
14,86
14,88
14,37
14,68
14,55
14,62
14,69
14,75
14,79
14,32
14,82
14,42
14,78
14,9
14,35
14,94
14,53
15,1
15,66
15,71
15,41
15,30
15,56
15,80
15,100
15,26
15,90
15,70
15,31
15,46
15,81
15,16
15,21
15,99
15,59
15,82
15,85
15,12
15,88
15,29
15,42
15,62
15,52
15,47
15,87
15,57
15,65
15,28
15,55
15,3
15,64
16,66
16,46
16,10
16,31
16,90
16,80
16,26
16,20
16,30
16,86
16,50
16,87
16,69
16,35
16,47
16,52
16,77
16,55
16,48
16,28
16,82
16,57
16,14
16,33
16,44
16,63
17,46
17,40
17,10
17,50
17,90
17,21
17,81
17,36
17,11
17,6
17,70
17,51
17,49
17,85
17,12
17,45
17,32
17,25
17,2
17,59
17,67
17,28
17,88
17,22
17,94
17,64
17,33
17,24
18,41
18,21
18,56
18,36
18,6
18,96
18,1
18,66
18,61
18,70
18,76
18,50
18,20
18,18
18,19
18,67
18,22
18,9
18,72
18,65
18,2
18,37
18,58
18,85
18,52
18,12
18,64
18,74
19,1
19,11
19,41
19,91
19,6
19,50
19,56
19,76
19,90
19,51
19,31
19,21
19,59
19,39
19,77
19,2
19,9
19,88
19,65
19,62
19,35
19,52
19,29
19,68
19,33
19,84
19,64
19,14
20,61
20,81
20,50
20,40
20,56
20,80
20,6
20,21
20,46
20,30
20,92
20,15
20,49
20,68
20,18
20,37
20,99
20,2
20,7
20,28
20,84
20,54
21,46
21,20
21,70
21,60
21,66
21,76
21,11
21,86
21,100
21,26
21,21
21,40
21,96
21,50
21,1
21,98
21,29
21,78
21,99
21,59
21,77
21,58
21,97
21,8
21,62
21,7
21,45
21,2
21,52
21,95
21,94
21,13
21,3
21,34
22,70
22,40
22,76
22,11
22,31
22,16
22,80
22,46
22,26
22,60
22,71
22,100
22,52
22,18
22,35
22,48
22,49
22,5
22,65
22,95
22,69
22,79
22,37
22,57
22,94
22,84
22,4
23,61
23,46
23,80
23,1
23,30
23,76
23,40
23,16
23,20
23,36
23,70
23,21
23,71
23,10
23,62
23,55
23,9
23,39
23,95
23,58
23,22
23,97
23,65
23,42
23,7
23,48
23,69
23,29
23,54
23,84
23,64
23,43
24,10
24,66
24,20
24,70
24,36
24,76
24,90
24,61
24,56
24,71
24,62
24,29
24,55
24,99
24,97
24,58
24,7
24,98
24,65
24,88
24,34
24,24
24,83
24,23
25,26
25,40
25,41
25,16
25,96
25,11
25,100
25,1
25,10
25,6
25,90
25,66
25,81
25,71
25,70
25,61
25,75
25,2
25,12
25,18
25,89
25,39
25,8
25,87
25,29
25,97
25,28
25,19
25,78
25,48
25,15
25,79
25,43
25,74
25,94
26,66
26,91
26,61
26,11
26,6
26,96
26,80
26,10
26,56
26,1
26,31
26,60
26,58
26,28
26,32
26,87
26,52
26,55
26,79
26,37
26,35
26,78
26,5
26,69
26,74
26,73
26,34
27,70
27,91
27,90
27,66
27,80
27,46
27,16
27,71
27,21
27,50
27,40
27,81
27,95
27,42
27,85
27,87
27,68
27,32
27,7
27,98
27,25
27,67
27,69
27,49
27,34
27,54
27,3
28,1
28,10
28,56
28,21
28,71
28,81
28,60
28,46
28,100
28,96
28,86
28,31
28,61
28,9
28,35
28,78
28,17
28,2
28,88
28,29
28,87
28,49
28,39
28,22
28,45
28,32
28,33
28,64
29,20
29,46
29,16
29,21
29,6
29,80
29,40
29,86
29,66
29,30
29,36
29,31
29,26
29,71
29,10
29,60
29,90
29,91
29,55
29,19
29,85
29,62
29,59
29,35
29,39
29,28
29,72
29,75
29,22
29,42
29,45
29,77
29,18
29,29
29,68
29,5
29,13
29,64
30,56
30,51
30,71
30,36
30,66
30,81
30,1
30,86
30,11
30,46
30,31
30,98
30,12
30,8
30,58
30,7
30,28
30,77
30,69
30,48
30,17
30,27
30,14
30,63
31,11
31,86
31,51
31,81
31,21
31,56
31,91
31,40
31,6
31,26
31,70
31,10
31,31
31,37
31,47
31,27
31,85
31,69
31,95
31,88
31,89
31,87
31,57
31,49
31,67
31,35
31,13
31,54
31,14
32,86
32,66
32,1
32,30
32,80
32,50
32,6
32,46
32,91
32,96
32,16
32,81
32,11
32,26
32,21
32,71
32,41
32,90
32,18
32,65
32,75
32,62
32,37
32,55
32,72
32,7
32,49
32,99
32,87
32,48
32,27
32,25
32,85
32,29
32,77
32,9
32,44
32,53
32,73
33,66
33,36
33,71
33,26
33,80
33,100
33,96
33,56
33,86
33,40
33,30
33,16
33,39
33,29
33,79
33,57
33,59
33,9
33,42
33,95
33,87
33,75
33,85
33,15
33,24
33,64
33,83
34,21
34,81
34,56
34,41
34,66
34,61
34,10
34,36
34,51
34,16
34,91
34,20
34,11
34,57
34,29
34,38
34,19
34,87
34,89
34,35
34,28
34,92
34,59
34,18
34,15
34,39
34,14
34,54
34,64
34,63
35,31
35,40
35,46
35,76
35,81
35,21
35,11
35,26
35,50
35,66
35,6
35,1
35,96
35,60
35,86
35,30
35,90
35,71
35,18
35,55
35,75
35,47
35,78
35,72
35,27
35,69
35,38
35,2
35,79
35,97
35,8
35,87
35,92
35,15
35,28
35,85
35,43
35,34
35,33
36,1
36,50
36,11
36,6
36,21
36,31
36,71
36,61
36,20
36,26
36,80
36,66
36,10
36,56
36,100
36,99
36,45
36,5
36,77
36,2
36,22
36,32
36,68
36,55
36,78
36,15
36,87
36,9
36,7
36,47
36,93
36,4
37,30
37,76
37,40
37,26
37,36
37,70
37,60
37,10
37,100
37,96
37,16
37,66
37,56
37,31
37,61
37,82
37,87
37,19
37,68
37,88
37,39
37,95
37,22
37,25
37,8
37,49
37,62
37,48
37,42
37,28
37,73
37,74
37,14
38,1
38,31
38,6
38,30
38,96
38,91
38,61
38,60
38,81
38,70
38,47
38,28
38,19
38,42
38,87
38,22
38,89
38,85
38,52
38,37
38,83
38,14
39,41
39,31
39,76
39,91
39,96
39,20
39,71
39,100
39,60
39,26
39,36
39,1
39,6
39,40
39,30
39,70
39,11
39,45
39,58
39,37
39,92
39,22
39,29
39,68
39,48
39,9
39,39
39,65
39,89
39,15
39,5
39,38
39,18
39,78
39,54
39,14
40,10
40,61
40,56
40,70
40,100
40,30
40,21
40,6
40,31
40,16
40,46
40,51
40,26
40,76
40,66
40,81
40,55
40,77
40,95
40,75
40,78
40,18
40,47
40,72
40,65
40,17
40,82
40,79
40,62
40,57
40,38
40,25
40,73
40,53
40,94
40,23
41,66
41,86
41,80
41,96
41,56
41,20
41,76
41,6
41,26
41,1
41,71
41,70
41,100
41,21
41,40
41,91
41,46
41,41
41,9
41,68
41,87
41,95
41,55
41,49
41,72
41,65
41,48
41,27
41,67
41,32
41,38
41,5
41,52
41,99
41,7
41,82
41,74
41,53
41,64
42,66
42,86
42,96
42,61
42,50
42,81
42,46
42,40
42,60
42,41
42,6
42,31
42,36
42,100
42,16
42,37
42,22
42,28
42,8
42,62
42,48
42,95
42,27
42,25
42,12
42,78
42,18
42,77
42,38
42,17
42,34
42,53
42,94
42,33
43,56
43,76
43,26
43,30
43,100
43,60
43,81
43,91
43,20
43,71
43,16
43,66
43,90
43,1
43,11
43,70
43,80
43,51
43,48
43,88
43,69
43,5
43,59
43,29
43,47
43,17
43,7
43,49
43,95
43,12
43,72
43,65
43,28
43,82
43,85
43,58
43,13
43,64
43,23
44,96
44,86
44,56
44,31
44,71
44,46
44,6
44,20
44,80
44,51
44,50
44,81
44,40
44,1
44,72
44,45
44,57
44,59
44,35
44,95
44,38
44,55
44,37
44,5
44,27
44,89
44,82
44,97
44,13
44,34
44,83
45,20
45,61
45,90
45,96
45,1
45,80
45,41
45,16
45,21
45,51
45,11
45,46
45,6
45,76
45,70
45,71
45,36
45,66
45,79
45,32
45,52
45,48
45,37
45,67
45,19
45,68
45,65
45,28
45,45
45,42
45,97
45,87
45,22
45,95
45,39
45,82
45,14
45,4
45,24
46,61
46,20
46,91
46,51
46,6
46,90
46,71
46,81
46,10
46,76
46,46
46,40
46,37
46,59
46,42
46,5
46,15
46,18
46,48
46,82
46,68
46,95
46,47
46,92
46,54
46,24
46,23
47,30
47,90
47,91
47,16
47,10
47,40
47,70
47,56
47,76
47,50
47,66
47,46
47,57
47,9
47,88
47,35
47,69
47,37
47,45
47,99
47,17
47,89
47,97
47,52
47,3
47,63
47,54
47,74
48,71
48,11
48,26
48,76
48,50
48,70
48,41
48,40
48,60
48,1
48,80
48,20
48,56
48,91
48,81
48,30
48,66
48,51
48,48
48,18
48,35
48,9
48,55
48,38
48,82
48,77
48,59
48,75
48,37
48,98
48,49
48,72
48,42
48,52
48,15
48,7
48,83
48,13
48,34
48,94
49,46
49,21
49,71
49,16
49,1
49,36
49,30
49,91
49,50
49,80
49,11
49,76
49,96
49,20
49,90
49,86
49,37
49,47
49,79
49,97
49,18
49,38
49,12
49,78
49,7
49,27
49,69
49,67
49,42
49,29
49,28
49,99
49,74
49,63
50,66
50,30
50,70
50,20
50,90
50,40
50,50
50,41
50,51
50,11
50,65
50,35
50,77
50,72
50,68
50,22
50,48
50,82
50,58
50,99
50,43
50,54
50,13
50,33
51,60
51,40
51,71
51,100
51,80
51,21
51,90
51,81
51,20
51,51
51,86
51,30
51,16
51,66
51,61
51,70
51,36
51,46
51,45
51,65
51,35
51,55
51,17
51,58
51,98
51,7
51,18
51,75
51,39
51,59
51,99
51,32
51,89
51,92
51,52
51,29
51,14
51,94
52,36
52,21
52,26
52,60
52,46
52,91
52,30
52,61
52,71
52,80
52,66
52,76
52,50
52,28
52,32
52,59
52,78
52,12
52,48
52,7
52,98
52,52
52,67
52,65
52,75
52,22
52,43
52,83
53,30
53,36
53,16
53,66
53,90
53,10
53,11
53,86
53,60
53,96
53,21
53,76
53,1
53,80
53,56
53,41
53,6
53,91
53,5
53,52
53,65
53,97
53,28
53,72
53,19
53,79
53,45
53,12
53,57
53,17
53,9
53,55
53,89
53,99
53,27
53,68
53,94
53,43
53,83
54,36
54,51
54,71
54,26
54,50
54,30
54,20
54,10
54,1
54,90
54,46
54,21
54,41
54,56
54,100
54,86
54,40
54,31
54,60
54,15
54,47
54,87
54,79
54,7
54,12
54,62
54,95
54,88
54,19
54,78
54,2
54,32
54,52
54,89
54,67
54,29
54,92
54,25
54,93
54,14
54,44
54,63
55,1
55,26
55,70
55,66
55,50
55,20
55,61
55,21
55,10
55,90
55,91
55,56
55,100
55,76
55,81
55,87
55,2
55,57
55,25
55,79
55,8
55,29
55,48
55,15
55,52
55,7
55,59
55,85
55,39
55,67
55,93
55,33
55,3
56,21
56,40
56,81
56,60
56,41
56,70
56,56
56,80
56,50
56,6
56,96
56,100
56,36
56,61
56,90
56,66
56,91
56,11
56,71
56,28
56,38
56,2
56,87
56,52
56,39
56,19
56,62
56,58
56,69
56,99
56,59
56,97
56,57
56,67
56,22
56,75
56,18
56,85
56,43
56,53
56,24
57,11
57,1
57,76
57,100
57,51
57,80
57,6
57,56
57,46
57,96
57,97
57,75
57,17
57,99
57,69
57,47
57,22
57,87
57,82
57,39
57,4
57,14
57,3
58,60
58,80
58,96
58,70
58,56
58,86
58,20
58,41
58,100
58,91
58,87
58,42
58,85
58,2
58,88
58,78
58,55
58,28
58,99
58,77
58,44
58,4
58,64
58,24
59,21
59,11
59,80
59,61
59,76
59,10
59,86
59,30
59,16
59,36
59,51
59,81
59,18
59,37
59,15
59,68
59,48
59,19
59,72
59,97
59,28
59,57
59,62
59,99
59,83
59,54
60,66
60,26
60,96
60,6
60,70
60,91
60,11
60,76
60,80
60,100
60,20
60,31
60,36
60,61
60,1
60,16
60,90
60,30
60,59
60,72
60,77
60,79
60,97
60,49
60,45
60,55
60,7
60,15
60,57
60,19
60,98
60,5
60,2
60,18
60,22
60,28
60,94
60,53
61,10
61,66
61,16
61,71
61,100
61,26
61,91
61,51
61,86
61,80
61,69
61,68
61,58
61,12
61,15
61,38
61,18
61,25
61,22
61,42
61,14
61,24
62,100
62,31
62,86
62,40
62,81
62,6
62,90
62,21
62,91
62,76
62,51
62,66
62,80
62,36
62,46
62,96
62,50
62,1
62,18
62,88
62,8
62,29
62,25
62,78
62,75
62,32
62,67
62,98
62,7
62,9
62,58
62,52
62,65
62,37
62,47
62,39
62,83
62,94
62,54
63,10
63,86
63,26
63,96
63,11
63,40
63,66
63,76
63,71
63,51
63,20
63,47
63,7
63,72
63,88
63,92
63,15
63,69
63,99
63,67
63,22
63,25
63,73
63,53
64,40
64,86
64,71
64,100
64,21
64,1
64,76
64,96
64,30
64,26
64,16
64,81
64,31
64,91
64,90
64,41
64,10
64,56
64,88
64,85
64,38
64,7
64,42
64,48
64,82
64,78
64,97
64,69
64,29
64,95
64,89
64,62
64,98
64,5
64,58
64,2
64,74
64,83
64,53
65,80
65,41
65,100
65,76
65,50
65,51
65,10
65,86
65,20
65,21
65,96
65,31
65,30
65,70
65,36
65,61
65,6
65,40
65,11
65,46
65,85
65,12
65,39
65,77
65,7
65,15
65,18
65,67
65,89
65,9
65,95
65,82
65,28
65,57
65,45
65,65
65,78
65,59
65,92
65,49
65,24
65,53
66,41
66,11
66,36
66,96
66,1
66,10
66,100
66,91
66,70
66,6
66,77
66,48
66,88
66,15
66,75
66,8
66,39
66,42
66,99
66,79
66,74
66,64
66,13
67,90
67,41
67,91
67,31
67,70
67,100
67,26
67,30
67,36
67,11
67,76
67,66
67,71
67,46
67,51
67,81
67,75
67,22
67,17
67,9
67,97
67,32
67,62
67,18
67,89
67,98
67,59
67,72
67,49
67,19
67,45
67,58
67,54
67,23
68,6
68,86
68,61
68,10
68,40
68,81
68,31
68,60
68,96
68,11
68,21
68,50
68,46
68,76
68,26
68,20
68,66
68,16
68,59
68,97
68,39
68,85
68,49
68,62
68,7
68,67
68,99
68,42
68,17
68,72
68,75
68,8
68,77
68,68
68,15
68,57
68,14
68,64
69,81
69,31
69,1
69,40
69,21
69,70
69,30
69,91
69,100
69,20
69,60
69,50
69,59
69,79
69,7
69,72
69,32
69,99
69,5
69,88
69,2
69,85
69,39
69,82
69,53
69,73
70,80
70,30
70,91
70,70
70,26
70,66
70,50
70,31
70,11
70,56
70,21
70,88
70,48
70,95
70,2
70,77
70,25
70,42
70,8
70,89
70,45
70,72
70,73
70,34
71,70
71,60
71,71
71,81
71,51
71,6
71,50
71,61
71,26
71,91
71,29
71,79
71,59
71,38
71,88
71,72
71,37
71,12
71,28
71,62
71,4
71,63
71,53
72,11
72,31
72,40
72,70
72,76
72,71
72,90
72,30
72,16
72,6
72,91
72,51
72,46
72,60
72,67
72,12
72,82
72,15
72,18
72,57
72,8
72,32
72,72
72,27
72,2
72,88
72,58
72,49
72,64
72,3
72,4
