Rating_id,ArtistPerformance,SoundAndLighting,StagePresence,Organization,OverallImpression,Performance_Performance_id,Visitor_Visitor_id
1,4,4,3,5,4,146,27
2,3,3,2,3,2,16,20
3,3,4,3,2,3,146,20
4,4,5,4,4,4,146,75
5,1,1,2,1,1,132,75
6,4,4,4,4,4,211,75
7,3,2,2,3,2,146,84
8,1,1,1,1,1,132,84
9,3,4,3,3,3,211,84
10,1,1,2,1,1,16,110
11,2,3,2,3,2,132,110
12,4,4,3,4,3,211,110
13,1,2,2,1,1,132,142
14,3,3,2,4,3,146,142
15,5,5,5,5,5,16,142
16,1,1,1,1,1,16,137
17,3,3,2,3,2,132,137
18,1,1,1,1,1,211,44
19,1,1,1,2,1,16,14
20,3,4,4,2,3,211,14
21,1,2,1,2,1,211,124
22,3,2,3,4,3,132,124
23,4,3,3,5,3,211,100
24,2,1,3,3,2,16,100
25,3,3,3,4,3,132,100
26,3,2,4,4,3,132,102
27,1,2,2,2,1,146,102
28,2,2,3,3,2,211,74
29,1,2,2,1,1,132,74
30,4,3,5,4,4,211,125
31,5,4,5,5,4,16,80
32,4,5,3,3,3,211,108
33,4,5,4,4,4,211,97
34,5,5,4,5,4,132,97
35,4,3,4,4,3,132,139
36,4,5,3,4,4,16,139
37,3,3,2,2,2,211,139
38,1,1,1,2,1,146,83
39,3,3,4,2,3,211,53
40,1,1,2,1,1,146,53
41,2,2,1,1,1,16,53
42,1,2,1,1,1,16,4
43,5,5,5,4,4,211,4
44,4,3,5,4,4,132,4
45,5,5,5,5,5,211,129
46,3,4,4,2,3,16,129
47,5,4,5,5,4,146,129
48,1,1,1,1,1,16,130
49,2,2,3,2,2,211,130
50,3,4,3,3,3,146,145
51,1,1,2,2,1,132,145
52,3,2,2,4,2,211,145
53,1,1,2,1,1,16,65
54,2,3,1,3,2,211,65
55,5,4,5,5,4,211,15
56,3,4,3,3,3,16,15
57,1,2,1,2,1,132,50
58,4,4,4,5,4,146,50
59,3,4,2,4,3,132,35
60,1,1,2,1,1,146,35
61,1,1,1,2,1,16,35
62,4,5,5,4,4,132,31
63,3,3,3,3,3,16,31
64,5,5,5,5,5,211,103
65,1,2,2,1,1,146,103
66,2,3,2,1,2,132,103
67,2,3,3,2,2,146,72
68,3,4,4,4,3,211,72
69,4,5,5,5,4,16,148
70,3,4,3,2,3,132,69
71,3,3,3,2,2,146,69
72,1,1,1,2,1,16,69
73,1,1,1,2,1,16,52
74,4,4,5,3,4,146,52
75,5,5,5,5,5,211,52
76,2,1,2,3,2,211,36
77,5,5,5,4,4,146,36
78,3,2,4,2,2,132,36
79,2,2,2,1,1,16,77
80,3,3,4,4,3,132,77
81,3,2,2,2,2,146,77
82,2,3,3,1,2,146,113
83,4,3,3,3,3,132,24
84,3,3,4,2,3,16,99
85,3,2,4,4,3,146,99
86,4,5,5,5,4,211,99
87,1,2,1,1,1,146,29
88,4,4,3,5,4,132,29
89,5,4,4,4,4,16,29
90,4,4,3,5,4,132,82
91,4,4,4,5,4,211,82
92,2,1,1,1,1,16,40
93,1,2,2,1,1,211,40
94,2,2,2,1,1,132,40
95,1,1,1,2,1,16,30
96,5,5,5,4,4,211,30
97,1,2,1,1,1,146,30
98,5,5,5,5,5,211,6
99,1,1,1,1,1,16,6
100,2,1,2,3,2,211,8
101,5,5,5,4,4,16,8
102,3,3,3,4,3,16,98
103,3,2,4,4,3,132,98
104,2,2,1,3,2,146,98
105,1,2,2,1,1,16,147
106,4,5,3,4,4,146,32
107,1,2,1,2,1,16,32
108,1,1,1,2,1,211,32
109,1,2,1,1,1,132,90
110,4,3,4,5,4,146,106
111,3,2,4,2,2,211,95
112,2,2,3,3,2,16,95
113,5,4,5,5,4,146,95
114,4,4,5,5,4,16,128
115,4,5,5,3,4,211,128
116,2,2,3,2,2,132,128
117,1,1,1,2,1,16,141
118,4,5,3,3,3,16,123
119,1,1,2,1,1,211,123
120,3,3,4,2,3,132,123
121,1,2,1,2,1,6,122
122,3,3,4,2,3,186,122
123,4,3,4,3,3,61,122
124,1,2,1,1,1,61,121
125,4,5,5,4,4,186,121
126,1,1,1,2,1,186,18
127,4,5,3,4,4,61,120
128,2,3,1,2,2,6,120
129,4,4,3,5,4,186,104
130,4,3,4,4,3,61,84
131,2,3,2,3,2,6,84
132,4,3,5,5,4,186,84
133,1,1,1,1,1,61,115
134,2,1,3,1,1,6,123
135,3,4,4,4,3,61,123
136,1,2,2,1,1,186,123
137,2,1,1,3,1,186,92
138,1,1,1,1,1,186,82
139,2,2,2,1,1,6,61
140,2,1,1,2,1,186,61
141,1,1,2,1,1,61,61
142,4,5,5,3,4,186,59
143,2,3,2,1,2,61,59
144,3,4,3,2,3,6,29
145,4,5,4,5,4,6,23
146,2,1,1,1,1,6,70
147,1,1,1,1,1,61,70
148,4,4,3,4,3,6,79
149,2,2,1,1,1,6,60
150,5,5,4,5,4,61,60
151,4,5,4,3,4,6,129
152,2,3,2,2,2,186,129
153,1,1,1,1,1,61,129
154,1,1,1,1,1,61,49
155,4,4,4,4,4,6,49
156,2,2,2,1,1,6,89
157,2,1,2,1,1,186,89
158,5,5,5,5,5,61,89
159,5,5,5,5,5,61,149
160,5,5,4,4,4,186,149
161,5,4,5,4,4,6,149
162,2,3,3,3,2,61,127
163,2,3,1,2,2,61,126
164,5,5,4,4,4,186,126
165,1,1,1,1,1,6,126
166,5,5,5,4,4,61,52
167,5,5,5,5,5,6,52
168,3,3,3,2,2,186,52
169,2,3,3,3,2,61,62
170,1,2,1,2,1,6,62
171,1,1,1,1,1,186,62
172,2,1,1,1,1,61,40
173,1,2,1,1,1,186,40
174,3,2,2,2,2,6,94
175,5,4,5,5,4,61,102
176,4,5,3,5,4,6,102
177,3,3,4,4,3,186,102
178,4,3,5,3,3,186,140
179,2,1,3,2,2,6,140
180,3,2,4,2,2,186,58
181,3,4,2,2,2,61,35
182,3,3,2,3,2,61,141
183,3,4,3,3,3,186,145
184,1,1,1,2,1,186,76
185,2,3,3,3,2,6,112
186,5,4,5,5,4,186,8
187,4,5,5,3,4,186,128
188,1,2,2,1,1,186,33
189,3,3,2,4,3,61,33
190,4,5,4,5,4,6,33
191,3,2,4,2,2,61,103
192,2,3,1,3,2,186,103
193,5,5,4,4,4,6,148
194,4,4,4,3,3,61,148
195,2,2,1,2,1,186,148
196,2,3,2,2,2,6,17
197,1,2,1,1,1,61,17
198,4,5,4,5,4,186,20
199,4,4,3,3,3,61,20
200,1,1,2,2,1,186,91
201,3,4,3,3,3,61,91
202,4,4,5,3,4,6,66
203,2,2,2,3,2,61,66
204,3,3,2,4,3,186,66
205,4,4,4,5,4,186,146
206,4,4,3,3,3,6,146
207,4,4,4,4,4,61,146
208,5,5,5,5,5,61,99
209,2,1,3,2,2,186,99
210,1,1,1,1,1,6,14
211,3,4,2,4,3,186,14
212,5,4,5,4,4,61,14
213,2,2,2,1,1,6,53
214,4,4,3,5,4,186,53
215,2,2,1,3,2,186,107
216,1,1,2,1,1,61,107
217,3,2,4,3,3,6,107
218,1,1,1,1,1,61,48
219,5,4,5,5,4,6,48
220,3,2,4,3,3,186,48
221,1,1,1,1,1,61,73
222,2,3,3,1,2,6,135
223,4,5,5,4,4,61,135
224,2,2,3,2,2,186,135
225,3,3,3,2,2,186,27
226,2,1,2,2,1,6,27
227,2,3,3,3,2,61,137
228,4,5,3,3,3,186,39
229,2,1,1,1,1,61,28
230,5,5,4,5,4,6,28
231,2,2,3,1,2,186,28
232,5,4,5,5,4,61,90
233,3,4,4,2,3,6,109
234,3,3,3,3,3,61,109
235,4,3,3,5,3,186,105
236,5,4,4,5,4,6,105
237,2,2,3,2,2,61,105
238,5,4,5,4,4,61,96
239,1,1,1,1,1,6,5
240,4,5,5,3,4,61,5
241,4,4,3,4,3,61,45
242,2,2,3,1,2,6,45
243,1,2,1,2,1,61,75
244,3,3,2,3,2,61,56
245,2,3,1,1,1,186,56
246,5,4,4,5,4,61,63
247,5,5,5,5,5,186,63
248,3,2,4,3,3,6,21
249,1,1,2,1,1,61,21
250,4,5,4,5,4,186,21
251,2,3,3,1,2,6,147
252,4,3,3,4,3,186,147
253,2,3,1,2,2,61,147
254,1,1,1,1,1,6,46
255,5,4,4,5,4,186,46
256,5,5,4,5,4,35,45
257,2,2,3,2,2,111,45
258,1,1,1,2,1,113,49
259,4,5,5,5,4,35,49
260,2,3,2,3,2,134,135
261,5,5,5,5,5,35,135
262,5,4,5,4,4,52,135
263,2,1,3,2,2,113,86
264,2,2,1,3,2,111,86
265,5,4,5,4,4,134,86
266,5,5,5,5,5,70,75
267,2,3,1,2,2,35,75
268,5,5,4,5,4,52,75
269,4,5,3,4,4,70,104
270,1,2,1,1,1,52,120
271,1,1,1,1,1,70,20
272,2,3,3,1,2,113,20
273,2,1,3,1,1,134,20
274,5,5,5,4,4,52,40
275,4,4,3,4,3,35,144
276,4,3,5,4,4,35,11
277,2,1,1,3,1,134,121
278,4,4,4,4,4,52,37
279,1,1,1,1,1,113,77
280,3,2,4,2,2,52,77
281,5,5,5,5,5,35,77
282,3,4,3,2,3,113,130
283,5,4,5,4,4,70,130
284,3,4,3,2,3,35,130
285,2,1,1,1,1,70,143
286,2,2,2,1,1,113,143
287,3,3,3,3,3,111,26
288,2,1,2,1,1,113,26
289,4,4,4,3,3,35,26
290,3,4,4,3,3,111,98
291,4,4,3,5,4,113,98
292,4,4,4,4,4,35,98
293,3,3,4,2,3,70,9
294,1,1,1,2,1,35,29
295,2,1,2,1,1,111,54
296,2,2,3,2,2,111,48
297,2,3,3,3,2,111,82
298,4,3,3,3,3,52,82
299,3,3,3,3,3,111,91
300,5,4,5,5,4,111,80
301,1,1,2,1,1,70,80
302,2,2,1,2,1,52,136
303,5,5,5,5,5,35,35
304,3,4,3,4,3,134,35
305,1,1,1,1,1,111,35
306,3,4,3,4,3,52,83
307,3,4,2,3,3,35,83
308,1,1,1,1,1,70,83
309,4,4,5,4,4,111,24
310,3,3,3,2,2,35,24
311,3,4,4,2,3,52,24
312,1,1,2,2,1,35,96
313,3,3,3,4,3,111,33
314,2,1,3,3,2,52,101
315,4,5,4,5,4,35,101
316,4,4,5,4,4,52,87
317,2,2,3,2,2,35,100
318,3,3,3,2,2,70,100
319,4,5,5,4,4,35,3
320,2,3,2,1,2,111,3
321,2,2,1,1,1,113,3
322,4,5,3,5,4,113,126
323,3,4,4,4,3,111,126
324,5,4,5,5,4,111,50
325,2,1,2,2,1,70,50
326,5,5,5,5,5,134,2
327,2,2,3,2,2,111,2
328,3,2,2,2,2,134,112
329,5,5,5,5,5,52,112
330,2,2,1,3,2,111,61
331,2,3,2,2,2,35,52
332,4,5,4,5,4,113,52
333,4,4,5,5,4,70,4
334,3,3,2,3,2,58,96
335,3,4,4,4,3,86,96
336,5,4,5,4,4,161,96
337,2,2,3,3,2,86,140
338,4,5,4,3,4,161,23
339,2,2,1,1,1,161,130
340,3,3,2,3,2,86,130
341,5,5,4,5,4,58,56
342,3,3,2,4,3,86,1
343,2,3,2,3,2,58,1
344,5,4,5,5,4,86,125
345,4,5,5,4,4,161,125
346,4,3,3,3,3,58,125
347,3,3,2,3,2,161,11
348,5,5,5,5,5,161,48
349,5,4,5,5,4,58,48
350,1,1,1,1,1,58,31
351,2,2,1,2,1,86,31
352,1,2,2,2,1,86,72
353,1,1,1,1,1,161,72
354,5,5,4,5,4,58,72
355,4,4,3,3,3,161,127
356,2,3,3,2,2,58,127
357,5,5,5,4,4,58,123
358,3,2,4,2,2,58,91
359,3,4,4,3,3,161,91
360,3,4,2,2,2,86,91
361,3,2,4,3,3,58,10
362,1,2,2,1,1,161,10
363,5,4,4,4,4,86,10
364,3,2,2,2,2,58,12
365,3,2,3,3,2,161,12
366,4,4,5,4,4,86,12
367,3,2,4,3,3,161,7
368,4,4,4,4,4,161,118
369,1,2,1,1,1,58,118
370,3,2,4,3,3,161,145
371,1,1,2,1,1,58,145
372,2,3,1,2,2,58,16
373,3,3,4,3,3,86,29
374,1,1,2,1,1,58,29
375,2,1,3,3,2,161,29
376,3,4,3,4,3,161,82
377,4,4,5,4,4,86,71
378,1,1,2,1,1,161,71
379,3,3,2,2,2,58,13
380,4,5,5,4,4,86,13
381,4,3,4,3,3,161,13
382,4,5,4,5,4,58,116
383,5,5,5,5,5,161,128
384,2,2,1,2,1,58,128
385,2,2,1,3,2,58,43
386,3,3,3,4,3,58,133
387,1,1,2,1,1,161,133
388,3,4,3,2,3,86,133
389,3,4,2,3,3,161,103
390,3,3,4,2,3,86,9
391,3,4,2,4,3,58,9
392,3,2,3,3,2,161,9
393,5,5,5,5,5,86,4
394,1,1,1,1,1,86,33
395,4,3,3,5,3,161,33
396,1,2,1,2,1,161,137
397,2,3,1,1,1,86,42
398,4,4,4,3,3,58,42
399,3,3,3,2,2,58,15
400,4,3,3,5,3,86,15
401,2,1,2,1,1,58,107
402,5,5,5,5,5,58,90
403,2,3,1,2,2,161,90
404,5,5,5,4,4,86,90
405,4,5,4,3,4,161,75
406,2,2,2,2,2,86,79
407,4,3,5,4,4,58,79
408,4,5,4,3,4,161,79
409,3,2,4,3,3,58,73
410,4,5,4,4,4,86,73
411,3,2,2,2,2,161,73
412,4,4,5,3,4,58,134
413,3,4,2,4,3,161,150
414,4,4,3,4,3,86,150
415,1,1,1,2,1,76,31
416,1,1,1,2,1,173,37
417,5,5,4,4,4,156,37
418,5,4,5,5,4,68,37
419,4,5,3,4,4,156,117
420,4,5,4,3,4,173,117
421,3,4,4,2,3,140,117
422,5,4,4,4,4,156,138
423,2,2,1,2,1,68,90
424,3,3,3,3,3,205,141
425,3,3,3,3,3,68,141
426,3,2,4,4,3,173,141
427,5,5,5,5,5,76,140
428,1,2,1,1,1,156,140
429,4,4,5,4,4,173,140
430,1,2,1,1,1,156,122
431,3,3,4,2,3,140,122
432,2,2,1,3,2,140,52
433,3,2,3,3,2,76,52
434,2,3,3,3,2,68,52
435,5,5,5,5,5,205,116
436,2,2,3,1,2,140,116
437,3,4,3,4,3,140,148
438,1,1,1,1,1,173,148
439,3,4,2,4,3,76,148
440,5,5,5,5,5,76,110
441,1,2,1,2,1,140,110
442,3,2,2,2,2,68,110
443,3,4,4,2,3,173,2
444,5,5,5,4,4,140,2
445,3,3,3,4,3,140,91
446,1,2,1,1,1,76,91
447,2,1,1,2,1,205,70
448,4,5,3,3,3,68,70
449,1,2,2,1,1,156,70
450,2,1,1,3,1,156,108
451,4,3,3,5,3,68,35
452,3,3,3,4,3,205,35
453,5,5,5,4,4,156,35
454,1,1,1,1,1,205,58
455,5,4,4,5,4,140,58
456,4,5,4,4,4,156,58
457,3,3,2,2,2,173,64
458,3,4,2,3,3,76,64
459,2,3,2,3,2,156,131
460,5,5,5,5,5,140,131
461,4,3,5,3,3,156,147
462,3,4,4,4,3,76,147
463,3,2,4,4,3,173,106
464,4,5,4,5,4,140,128
465,5,5,5,5,5,76,128
466,2,3,2,2,2,173,128
467,2,2,2,3,2,76,111
468,4,3,4,4,3,76,78
469,3,4,4,3,3,205,27
470,5,5,5,5,5,205,104
471,5,5,5,5,5,76,104
472,5,4,5,4,4,205,65
473,2,2,1,1,1,173,75
474,5,4,4,5,4,76,75
475,3,2,3,4,3,173,87
476,5,5,5,5,5,76,87
477,1,1,2,2,1,68,87
478,5,5,5,5,5,68,94
479,1,1,1,1,1,140,94
480,1,1,1,1,1,173,94
481,5,5,5,4,4,173,113
482,5,5,5,5,5,205,93
483,5,4,5,5,4,156,93
484,2,2,2,1,1,140,29
485,3,3,3,2,2,173,29
486,4,4,4,5,4,68,135
487,1,1,1,1,1,173,135
488,1,1,1,1,1,140,135
489,1,1,1,1,1,173,100
490,1,2,1,1,1,173,145
491,1,1,1,2,1,205,145
492,2,2,1,3,2,76,83
493,1,1,1,1,1,156,83
494,5,4,5,5,4,205,83
495,1,1,1,1,1,156,59
496,5,5,4,5,4,205,112
497,4,3,4,4,3,173,112
498,3,2,3,3,2,140,112
499,2,3,1,2,2,76,102
500,2,2,3,1,2,173,134
501,4,3,3,3,3,205,134
502,2,2,3,3,2,140,79
503,3,2,2,2,2,156,79
504,5,5,5,4,4,156,47
505,3,4,2,3,3,173,47
506,3,4,2,4,3,156,143
507,1,1,1,1,1,68,143
508,3,4,2,4,3,205,20
509,5,4,5,5,4,68,20
510,2,2,1,3,2,173,20
511,4,3,5,4,4,156,6
512,4,5,4,4,4,76,12
513,5,4,4,5,4,140,12
514,2,1,2,2,1,156,12
515,5,5,5,5,5,156,139
516,1,1,1,2,1,140,139
517,3,4,2,4,3,205,63
518,2,1,1,1,1,173,63
519,4,3,3,5,3,76,63
520,1,1,1,1,1,76,121
521,4,5,3,4,4,205,121
522,3,2,3,3,2,68,26
523,3,4,4,4,3,68,62
524,1,1,2,2,1,205,80
525,5,5,4,5,4,173,92
526,3,4,2,2,2,76,92
527,1,1,1,2,1,68,86
528,3,3,4,2,3,76,86
529,3,2,4,2,2,140,72
530,5,5,4,4,4,68,124
531,3,4,3,4,3,156,60
532,1,2,1,2,1,173,60
533,5,5,5,5,5,140,60
534,2,1,3,2,2,68,61
535,4,5,4,3,4,156,61
536,1,1,1,2,1,140,61
537,5,5,5,5,5,14,131
538,1,1,1,1,1,165,131
539,4,4,3,3,3,43,131
540,4,5,3,5,4,102,103
541,2,3,1,1,1,14,143
542,4,3,4,5,4,165,143
543,2,2,2,2,2,102,143
544,1,2,2,1,1,14,144
545,5,5,5,5,5,43,108
546,2,1,2,1,1,43,121
547,1,1,1,2,1,14,149
548,1,1,1,2,1,165,149
549,3,3,3,2,2,102,149
550,3,4,2,2,2,165,1
551,1,2,1,1,1,165,64
552,3,3,4,2,3,102,64
553,1,1,1,1,1,43,6
554,5,5,5,4,4,14,6
555,1,2,1,2,1,165,6
556,4,3,4,3,3,102,129
557,4,4,3,4,3,14,129
558,2,1,1,1,1,43,7
559,4,5,3,4,4,14,111
560,3,2,2,4,2,165,111
561,4,3,4,3,3,43,111
562,5,5,5,5,5,102,67
563,1,2,2,1,1,14,67
564,5,5,4,5,4,165,79
565,3,2,3,3,2,14,79
566,2,3,2,1,2,14,21
567,3,3,3,2,2,165,21
568,2,3,1,3,2,102,21
569,5,4,5,4,4,43,145
570,3,2,3,4,3,14,11
571,2,2,3,3,2,102,11
572,5,5,4,5,4,43,11
573,4,5,3,4,4,165,100
574,3,2,2,2,2,102,100
575,1,2,2,1,1,43,100
576,5,5,5,4,4,165,63
577,2,3,2,3,2,102,8
578,1,1,1,2,1,165,34
579,5,5,5,5,5,43,18
580,1,2,1,1,1,14,18
581,4,4,5,3,4,165,18
582,4,4,3,4,3,165,98
583,1,2,1,2,1,14,90
584,4,3,3,3,3,43,90
585,1,2,1,1,1,165,130
586,1,1,2,1,1,102,10
587,2,1,2,1,1,14,10
588,3,3,4,4,3,43,120
589,4,3,3,4,3,165,120
590,1,1,1,2,1,102,41
591,5,5,5,5,5,102,65
592,4,3,4,4,3,14,65
593,3,3,4,3,3,43,65
594,5,5,5,5,5,14,80
595,4,3,3,4,3,165,80
596,3,3,3,4,3,102,80
597,4,3,3,5,3,43,110
598,5,5,5,5,5,14,110
599,3,3,3,4,3,165,118
600,1,1,1,2,1,43,116
601,2,1,1,2,1,102,116
602,5,4,5,5,4,14,116
603,5,5,5,4,4,14,27
604,1,1,2,1,1,43,4
605,2,1,3,1,1,14,22
606,2,2,3,2,2,43,22
607,5,5,4,5,4,102,112
608,4,3,4,3,3,14,112
609,3,2,3,2,2,165,112
610,1,2,1,2,1,165,137
611,2,1,1,3,1,43,113
612,5,5,5,5,5,165,113
613,2,3,3,1,2,102,33
614,4,4,4,3,3,43,33
615,1,2,2,1,1,165,124
616,3,3,3,4,3,165,2
617,2,2,1,1,1,43,2
618,2,3,1,1,1,102,2
619,2,1,3,3,2,102,31
620,2,2,2,2,2,43,31
621,1,2,2,1,1,102,77
622,2,2,1,2,1,43,12
623,1,2,1,2,1,14,12
624,3,4,2,3,3,102,12
625,1,1,1,1,1,165,49
626,3,4,3,3,3,43,49
627,2,3,1,2,2,43,127
628,2,1,1,2,1,165,127
629,4,4,5,4,4,43,54
630,3,4,4,3,3,14,54
631,4,5,4,4,4,25,147
632,3,2,2,3,2,191,147
633,1,2,2,2,1,191,129
634,3,3,2,4,3,218,129
635,4,4,5,5,4,45,112
636,1,2,2,2,1,191,112
637,2,2,1,3,2,218,112
638,4,5,4,5,4,191,135
639,4,4,5,5,4,115,126
640,4,5,3,5,4,218,26
641,1,1,2,2,1,45,92
642,1,1,1,1,1,218,92
643,3,3,4,4,3,45,74
644,1,2,1,1,1,25,74
645,1,1,2,1,1,115,74
646,4,5,3,5,4,25,134
647,1,1,1,1,1,218,134
648,2,3,1,1,1,191,134
649,1,1,1,2,1,115,110
650,3,3,3,3,3,115,18
651,4,4,3,4,3,218,93
652,1,2,2,1,1,25,93
653,1,2,1,1,1,191,93
654,5,5,4,5,4,191,54
655,5,5,5,5,5,115,11
656,4,5,5,5,4,25,11
657,2,1,1,1,1,191,132
658,1,2,1,1,1,191,20
659,3,3,3,2,2,25,52
660,2,3,1,1,1,191,52
661,3,4,4,4,3,45,52
662,5,4,5,5,4,25,102
663,4,5,3,4,4,25,66
664,5,4,5,5,4,45,66
665,5,5,5,5,5,25,29
666,1,1,1,1,1,191,29
667,1,2,1,2,1,45,3
668,3,2,3,3,2,45,146
669,1,2,1,2,1,218,146
670,4,5,4,4,4,218,48
671,3,3,2,2,2,115,48
672,5,5,5,5,5,191,23
673,3,4,3,2,3,45,141
674,1,2,1,1,1,25,32
675,4,5,4,3,4,115,32
676,4,3,4,3,3,25,137
677,4,5,3,5,4,218,137
678,1,1,1,1,1,45,137
679,4,3,3,4,3,218,1
680,3,4,3,2,3,115,1
681,4,4,4,4,4,25,1
682,2,3,3,1,2,45,113
683,3,3,3,4,3,218,51
684,4,3,5,3,3,115,139
685,4,5,3,3,3,191,84
686,2,3,1,1,1,45,84
687,2,3,1,3,2,115,84
688,1,2,1,1,1,45,133
689,5,4,5,5,4,115,12
690,5,5,5,5,5,191,90
691,3,4,4,2,3,115,90
692,1,1,2,1,1,45,90
693,3,3,3,2,2,25,118
694,2,2,2,1,1,45,118
695,1,2,1,1,1,218,13
696,3,3,3,2,2,218,128
697,4,5,5,5,4,45,128
698,5,4,5,5,4,115,128
699,2,1,3,2,2,25,89
700,3,4,2,3,3,45,89
701,3,2,2,4,2,115,89
702,2,3,1,1,1,25,86
703,2,1,1,2,1,45,86
704,4,4,3,5,4,115,86
705,2,1,3,2,2,191,83
706,5,5,5,5,5,191,53
707,4,5,5,3,4,218,53
708,4,5,5,5,4,45,53
709,5,5,5,5,5,45,25
710,3,2,2,4,2,191,109
711,1,2,1,2,1,218,108
712,5,4,5,5,4,115,98
713,1,2,2,1,1,45,98
714,2,2,2,3,2,25,98
715,2,3,1,1,1,45,61
716,4,4,3,5,4,115,61
717,5,5,4,4,4,191,61
718,1,1,1,2,1,191,27
719,4,4,4,4,4,45,27
720,1,1,2,1,1,115,27
721,5,4,4,4,4,218,120
722,5,5,5,5,5,191,120
723,3,2,4,4,3,45,120
724,3,4,3,3,3,45,145
725,5,5,4,4,4,191,145
726,2,3,3,2,2,25,145
727,2,3,1,2,2,191,87
728,4,5,4,4,4,115,87
729,3,2,4,3,3,218,87
730,1,1,1,2,1,25,106
731,5,5,5,5,5,45,106
732,4,3,3,3,3,218,106
733,2,3,2,2,2,25,33
734,5,5,5,5,5,191,33
735,3,3,4,2,3,115,71
736,2,1,3,3,2,218,71
737,1,2,2,1,1,191,56
738,4,5,3,4,4,191,38
739,2,3,1,2,2,115,144
740,5,4,5,5,4,45,144
741,3,2,2,4,2,191,144
742,4,4,4,3,3,45,76
743,5,5,4,5,4,191,46
744,1,2,1,2,1,218,46
745,5,4,5,5,4,115,46
746,3,2,2,3,2,21,63
747,5,4,5,5,4,100,63
748,3,3,4,3,3,21,105
749,5,4,4,4,4,73,105
750,3,2,2,3,2,100,105
751,5,5,5,4,4,100,7
752,1,2,2,1,1,92,7
753,3,2,2,3,2,89,115
754,3,3,3,3,3,73,115
755,3,2,4,3,3,21,5
756,2,2,3,3,2,100,5
757,2,1,2,3,2,100,26
758,3,2,2,2,2,73,64
759,1,1,1,2,1,100,64
760,3,2,3,2,2,89,64
761,3,2,4,2,2,100,139
762,4,4,4,4,4,69,139
763,2,1,3,1,1,21,139
764,5,5,5,5,5,100,57
765,2,2,1,3,2,89,57
766,2,1,2,3,2,73,57
767,1,1,1,2,1,73,133
768,4,5,4,5,4,21,133
769,5,5,4,5,4,100,133
770,4,3,4,5,4,92,68
771,4,5,5,5,4,21,68
772,5,5,5,4,4,89,68
773,4,3,5,5,4,69,14
774,4,5,5,5,4,21,14
775,1,1,2,1,1,100,120
776,3,3,4,2,3,89,120
777,2,2,1,3,2,69,120
778,1,1,2,1,1,92,106
779,2,1,2,3,2,21,106
780,4,5,5,4,4,100,82
781,5,5,5,4,4,89,82
782,5,5,5,5,5,92,82
783,4,5,4,5,4,73,53
784,1,2,1,2,1,21,72
785,5,5,5,5,5,92,72
786,5,5,5,5,5,21,107
787,3,2,4,2,2,69,107
788,4,4,5,3,4,100,107
789,4,4,5,4,4,92,89
790,5,4,4,4,4,100,89
791,5,5,5,4,4,21,89
792,3,3,3,2,2,73,17
793,3,2,2,3,2,69,17
794,3,4,4,2,3,100,17
795,4,3,4,5,4,100,150
796,2,3,3,1,2,100,94
797,3,4,4,4,3,92,94
798,5,5,4,4,4,92,127
799,1,1,1,1,1,69,24
800,5,5,4,5,4,100,24
801,3,4,4,4,3,89,51
802,5,5,5,4,4,73,51
803,4,3,4,4,3,21,51
804,5,5,5,5,5,89,99
805,4,4,5,5,4,92,99
806,2,3,3,1,2,73,99
807,3,4,3,3,3,69,98
808,5,5,5,4,4,21,98
809,3,3,4,2,3,92,98
810,5,5,5,5,5,21,126
811,3,3,2,3,2,100,126
812,3,4,3,4,3,92,79
813,1,1,1,1,1,21,79
814,1,1,1,2,1,73,79
815,5,5,4,4,4,21,39
816,1,1,1,1,1,89,39
817,3,4,2,3,3,89,135
818,4,3,5,3,3,92,135
819,2,1,3,3,2,100,135
820,3,4,3,4,3,69,132
821,3,4,3,2,3,92,132
822,4,5,5,3,4,21,132
823,3,2,3,4,3,92,80
824,3,4,3,2,3,92,121
825,2,2,2,2,2,92,138
826,4,4,3,4,3,69,8
827,5,4,4,5,4,89,8
828,5,5,5,5,5,21,93
829,3,3,4,4,3,73,93
830,3,4,2,3,3,100,48
831,1,1,2,1,1,69,48
832,3,4,3,2,3,21,101
833,4,3,3,3,3,89,101
834,4,5,5,5,4,73,101
835,3,3,4,2,3,92,113
836,4,4,5,3,4,69,113
837,3,4,2,3,3,92,92
838,2,1,3,3,2,69,130
839,2,1,2,1,1,21,130
840,4,3,4,5,4,69,128
841,5,4,5,5,4,92,128
842,3,4,3,3,3,21,128
843,3,2,4,4,3,100,50
844,5,5,5,5,5,92,50
845,3,2,2,2,2,73,112
846,1,1,2,1,1,92,149
847,1,2,1,2,1,100,149
848,3,4,2,4,3,21,149
849,5,5,4,5,4,69,30
850,1,1,2,1,1,73,30
851,5,4,4,5,4,212,23
852,1,1,1,1,1,157,23
853,2,3,3,3,2,117,102
854,4,5,5,5,4,125,102
855,2,2,1,1,1,212,102
856,5,5,4,5,4,66,2
857,4,3,4,3,3,212,2
858,1,2,1,1,1,117,2
859,2,2,3,2,2,125,25
860,5,5,4,5,4,157,25
861,3,2,4,4,3,117,25
862,1,2,1,1,1,117,113
863,2,3,2,2,2,66,113
864,1,1,2,1,1,212,113
865,1,2,1,1,1,212,116
866,2,1,1,3,1,117,116
867,5,5,5,5,5,212,88
868,3,2,3,3,2,157,88
869,1,2,2,2,1,117,88
870,1,2,1,1,1,66,109
871,3,2,2,3,2,24,109
872,2,1,3,3,2,189,109
873,3,2,4,2,2,117,95
874,1,1,2,2,1,24,95
875,1,1,1,1,1,189,95
876,5,5,4,5,4,66,36
877,2,3,1,1,1,24,36
878,2,3,1,2,2,125,36
879,3,2,2,4,2,189,146
880,1,2,1,2,1,157,146
881,5,5,4,4,4,157,60
882,4,4,3,4,3,24,60
883,4,3,3,5,3,125,60
884,2,3,2,3,2,189,85
885,2,1,2,1,1,157,132
886,2,3,3,2,2,24,132
887,5,5,5,4,4,125,127
888,5,5,4,5,4,189,127
889,5,5,4,5,4,24,127
890,1,1,1,1,1,125,8
891,1,1,2,1,1,189,8
892,1,2,1,2,1,66,62
893,3,3,3,4,3,125,62
894,2,2,3,3,2,212,68
895,4,4,5,5,4,117,68
896,5,5,4,5,4,212,54
897,2,1,2,3,2,125,54
898,4,5,5,5,4,157,54
899,3,4,3,3,3,189,128
900,3,2,3,4,3,66,128
901,3,2,3,4,3,157,83
902,4,3,3,3,3,117,83
903,2,3,1,2,2,125,24
904,2,1,2,1,1,66,24
905,1,1,2,2,1,125,59
906,2,3,1,1,1,157,59
907,2,1,2,3,2,212,59
908,1,2,1,1,1,157,64
909,1,1,1,2,1,212,64
910,1,1,2,1,1,212,145
911,2,1,2,1,1,117,145
912,4,5,4,5,4,66,70
913,1,1,1,1,1,24,70
914,1,2,1,1,1,66,79
915,2,3,1,2,2,117,79
916,4,5,3,5,4,66,42
917,3,4,3,4,3,66,136
918,5,5,5,5,5,189,27
919,1,1,2,2,1,212,123
920,4,3,4,4,3,66,123
921,1,1,2,1,1,24,123
922,5,5,4,4,4,125,122
923,5,5,5,5,5,212,122
924,1,1,2,2,1,117,122
925,1,1,2,2,1,157,20
926,4,4,4,3,3,189,20
927,1,1,1,1,1,117,69
928,2,1,3,2,2,189,69
929,4,4,3,4,3,24,69
930,5,5,4,4,4,189,108
931,1,1,1,2,1,66,107
932,4,4,3,3,3,125,107
933,3,2,2,2,2,189,107
934,1,1,1,1,1,117,81
935,2,3,2,3,2,157,81
936,1,1,1,2,1,189,81
937,4,3,5,3,3,189,125
938,4,5,5,5,4,157,125
939,5,5,5,4,4,117,125
940,5,5,5,5,5,66,55
941,1,1,2,1,1,189,55
942,2,2,2,2,2,24,121
943,1,2,1,1,1,66,121
944,4,5,4,4,4,117,121
945,5,5,5,5,5,117,147
946,4,5,5,3,4,212,147
947,4,3,3,5,3,125,133
948,4,4,3,4,3,66,133
949,3,3,3,2,2,189,71
950,3,3,2,3,2,212,71
951,1,1,2,2,1,66,71
952,2,1,1,1,1,66,29
953,5,5,5,5,5,125,29
954,2,3,1,2,2,157,3
955,4,3,4,5,4,212,89
956,1,1,1,2,1,24,89
957,4,3,3,3,3,24,103
958,3,3,3,3,3,66,65
959,5,5,4,5,4,117,65
960,3,2,2,4,2,24,65
961,2,3,3,3,2,157,22
962,1,1,2,2,1,117,22
963,2,2,3,1,2,66,22
964,4,5,3,3,3,125,149
965,2,2,2,3,2,24,149
966,5,4,5,5,4,66,149
967,2,3,3,1,2,212,9
968,2,2,1,1,1,157,138
969,5,4,5,5,4,189,138
970,3,4,4,3,3,117,93
971,3,2,4,2,2,66,98
972,3,2,2,4,2,212,12
973,4,4,5,5,4,125,12
974,5,5,4,4,4,66,12
975,1,1,1,1,1,212,66
976,5,5,5,5,5,117,66
977,4,5,4,5,4,189,66
978,2,2,1,3,2,125,45
979,1,1,1,1,1,66,76
980,5,5,5,4,4,117,57
981,4,3,4,5,4,157,82
982,3,3,3,2,2,125,82
983,4,4,5,4,4,24,117
984,4,3,5,5,4,125,117
985,5,5,5,5,5,66,31
986,5,5,5,4,4,157,31
987,4,3,3,3,3,157,61
988,2,1,3,1,1,66,61
989,5,5,5,5,5,117,61
990,5,4,5,4,4,66,141
991,2,1,3,3,2,125,141
992,2,3,3,2,2,212,141
993,2,2,3,1,2,117,104
994,1,1,1,1,1,157,104
995,3,4,2,3,3,66,139
996,1,2,2,1,1,66,21
997,5,5,5,5,5,157,21
998,5,5,5,4,4,189,21
999,2,2,2,2,2,157,87
1000,1,2,2,1,1,66,87
1001,2,1,2,3,2,212,119
1002,4,3,5,3,3,66,119
1003,4,3,3,5,3,189,119
1004,3,4,3,4,3,212,143
1005,3,4,2,2,2,125,143
1006,1,1,2,1,1,212,124
1007,3,4,4,4,3,117,111
1008,1,1,2,1,1,24,115
1009,2,2,3,3,2,157,11
1010,5,4,5,4,4,66,11
1011,4,5,5,4,4,189,11
1012,3,3,2,3,2,157,131
1013,4,5,4,3,4,24,131
1014,4,5,3,5,4,125,46
1015,4,5,4,3,4,24,46
1016,3,4,4,3,3,66,46
1017,5,5,5,5,5,189,56
1018,2,1,3,3,2,212,86
1019,3,4,4,3,3,66,86
1020,1,2,1,1,1,125,140
1021,3,3,4,4,3,125,90
1022,1,2,1,2,1,117,50
1023,1,2,1,1,1,157,50
1024,2,3,1,1,1,24,50
1025,3,2,4,2,2,148,118
1026,4,5,5,5,4,175,96
1027,2,3,2,1,2,72,96
1028,4,5,4,3,4,51,96
1029,2,3,3,1,2,51,124
1030,3,4,4,4,3,63,124
1031,1,1,2,1,1,60,15
1032,3,3,3,4,3,148,108
1033,4,3,4,3,3,133,108
1034,2,1,1,3,1,72,97
1035,1,2,1,1,1,51,97
1036,2,2,2,2,2,148,97
1037,2,1,2,2,1,148,12
1038,5,5,4,4,4,72,12
1039,3,2,4,3,3,175,12
1040,5,5,5,5,5,148,19
1041,3,3,4,3,3,148,67
1042,2,1,1,3,1,133,67
1043,1,2,1,2,1,63,67
1044,2,3,1,2,2,175,64
1045,2,3,3,1,2,133,64
1046,3,2,2,2,2,60,56
1047,5,5,4,5,4,133,56
1048,2,2,2,2,2,63,56
1049,5,4,5,4,4,51,125
1050,4,4,5,5,4,133,84
1051,3,2,2,2,2,60,84
1052,2,3,1,1,1,63,27
1053,4,3,4,4,3,133,27
1054,4,5,3,3,3,72,27
1055,4,3,4,4,3,51,63
1056,2,1,2,3,2,133,70
1057,4,4,5,3,4,72,70
1058,3,3,4,4,3,148,70
1059,2,2,2,2,2,63,49
1060,4,5,3,3,3,51,49
1061,5,4,5,5,4,60,49
1062,1,1,1,2,1,148,121
1063,1,1,1,1,1,175,121
1064,1,1,1,2,1,63,121
1065,1,1,1,2,1,175,47
1066,3,2,2,2,2,133,76
1067,5,4,4,5,4,175,76
1068,3,3,3,3,3,51,61
1069,3,2,2,4,2,63,61
1070,5,5,4,5,4,175,61
1071,4,4,5,4,4,60,80
1072,3,4,4,4,3,175,14
1073,1,2,2,1,1,72,14
1074,1,1,2,1,1,148,14
1075,5,4,5,5,4,175,57
1076,5,5,5,4,4,72,57
1077,2,2,2,1,1,60,57
1078,3,2,4,2,2,175,140
1079,4,3,4,4,3,60,140
1080,4,4,4,3,3,72,51
1081,1,1,2,1,1,133,51
1082,1,1,1,1,1,148,51
1083,3,4,2,3,3,133,21
1084,5,4,4,5,4,51,21
1085,1,2,1,2,1,148,112
1086,3,2,4,2,2,175,112
1087,3,3,2,4,3,175,144
1088,5,5,4,5,4,63,144
1089,5,5,5,4,4,148,144
1090,4,3,5,4,4,175,10
1091,2,1,2,3,2,63,10
1092,1,1,1,1,1,51,10
1093,4,4,3,3,3,175,24
1094,1,1,1,2,1,51,82
1095,3,3,2,3,2,51,23
1096,1,1,2,1,1,148,23
1097,4,5,5,5,4,63,38
1098,3,4,3,2,3,51,38
1099,5,5,5,5,5,175,38
1100,1,1,1,2,1,51,89
1101,4,4,5,4,4,72,89
1102,3,4,4,2,3,148,148
1103,5,5,5,5,5,133,148
1104,5,5,4,4,4,72,148
1105,5,5,5,5,5,63,104
1106,4,3,3,5,3,133,92
1107,3,3,4,2,3,72,92
1108,1,1,1,1,1,63,3
1109,5,5,4,5,4,51,3
1110,5,5,4,5,4,63,146
1111,3,4,3,2,3,72,146
1112,4,3,4,5,4,60,146
1113,4,5,4,3,4,60,53
1114,5,5,5,5,5,63,53
1115,1,1,1,1,1,133,94
1116,4,5,3,3,3,60,94
1117,4,3,4,3,3,148,105
1118,3,4,4,2,3,72,105
1119,2,1,1,3,1,60,37
1120,2,3,1,1,1,175,37
1121,1,1,1,1,1,63,37
1122,2,2,2,1,1,60,32
1123,5,5,5,5,5,72,32
1124,5,5,4,4,4,72,91
1125,2,3,2,1,2,175,88
1126,5,4,5,5,4,72,88
1127,1,2,1,2,1,60,88
1128,4,3,5,3,3,63,128
1129,3,3,2,3,2,133,72
1130,1,2,2,2,1,63,72
1131,3,4,4,2,3,133,29
1132,2,1,3,2,2,175,29
1133,2,1,2,2,1,51,29
1134,3,3,4,3,3,175,75
1135,2,1,2,3,2,63,75
1136,2,1,2,3,2,60,75
1137,1,1,2,2,1,133,45
1138,3,3,4,4,3,72,45
1139,5,5,5,5,5,175,45
1140,4,5,3,3,3,72,99
1141,4,3,3,4,3,51,99
1142,2,3,1,1,1,60,99
1143,5,4,5,5,4,60,17
1144,3,4,3,2,3,72,17
1145,5,5,4,5,4,175,52
1146,3,2,4,3,3,148,52
1147,4,4,5,3,4,50,106
1148,4,4,3,4,3,128,106
1149,3,4,4,3,3,39,116
1150,5,4,5,5,4,50,91
1151,3,2,4,2,2,158,148
1152,1,1,1,1,1,39,148
1153,2,3,3,3,2,42,148
1154,3,3,3,2,2,50,139
1155,3,3,4,4,3,128,139
1156,5,4,5,4,4,36,10
1157,3,3,4,3,3,50,10
1158,3,4,2,2,2,39,10
1159,5,5,5,5,5,36,61
1160,4,3,5,3,3,158,142
1161,3,3,4,3,3,50,142
1162,3,3,2,2,2,128,142
1163,4,5,4,4,4,36,135
1164,3,4,2,2,2,39,135
1165,4,5,4,5,4,50,113
1166,3,3,2,3,2,39,109
1167,2,1,2,2,1,42,29
1168,1,2,1,2,1,39,29
1169,5,5,4,5,4,128,29
1170,3,4,4,3,3,36,103
1171,3,4,3,4,3,50,103
1172,4,4,3,3,3,128,24
1173,4,3,4,4,3,42,24
1174,5,5,5,5,5,42,65
1175,1,1,1,1,1,39,65
1176,3,4,2,2,2,158,65
1177,1,1,1,1,1,158,34
1178,2,3,2,1,2,128,34
1179,4,5,3,3,3,50,49
1180,1,1,1,2,1,36,1
1181,5,4,5,5,4,158,122
1182,4,3,3,5,3,50,122
1183,4,3,4,3,3,158,2
1184,4,5,3,3,3,42,2
1185,1,2,1,2,1,36,112
1186,4,4,3,4,3,39,112
1187,5,5,5,4,4,128,112
1188,5,5,5,5,5,50,144
1189,5,5,5,4,4,50,56
1190,1,1,2,1,1,39,78
1191,5,5,5,5,5,36,78
1192,2,2,2,2,2,50,78
1193,5,5,5,5,5,128,46
1194,4,5,4,5,4,128,92
1195,3,3,4,4,3,36,92
1196,1,2,2,1,1,158,80
1197,5,5,4,4,4,128,124
1198,5,5,4,5,4,158,47
1199,5,5,5,5,5,36,70
1200,3,3,4,4,3,50,143
1201,1,1,1,1,1,42,9
1202,3,3,3,2,2,42,90
1203,3,4,3,3,3,39,138
1204,2,3,1,2,2,158,50
1205,3,2,2,3,2,128,50
1206,5,4,5,5,4,42,108
1207,1,2,2,2,1,50,108
1208,5,5,5,4,4,36,15
1209,3,2,2,3,2,42,15
1210,4,4,5,3,4,42,87
1211,2,2,2,3,2,39,87
1212,4,5,3,4,4,158,87
1213,2,2,3,3,2,36,128
1214,2,2,1,3,2,42,128
1215,4,4,5,5,4,158,128
1216,5,4,5,4,4,158,41
1217,4,5,4,5,4,50,41
1218,5,4,4,5,4,36,41
1219,4,5,5,4,4,158,140
1220,4,5,4,5,4,42,140
1221,1,1,2,1,1,42,136
1222,2,2,3,1,2,50,136
1223,3,2,3,3,2,128,136
1224,5,5,5,4,4,39,39
1225,5,5,5,5,5,42,39
1226,3,4,4,2,3,128,39
1227,2,3,3,1,2,158,150
1228,1,1,1,2,1,39,150
1229,1,1,1,1,1,36,150
1230,4,3,4,5,4,158,23
1231,5,5,5,4,4,42,23
1232,3,2,4,4,3,36,27
1233,2,1,2,1,1,158,27
1234,2,1,3,1,1,50,27
1235,3,4,3,4,3,42,54
1236,4,4,3,4,3,36,54
1237,3,3,2,2,2,128,54
1238,3,3,2,4,3,50,18
1239,5,4,4,5,4,42,18
1240,3,2,3,4,3,158,18
1241,5,5,5,4,4,158,145
1242,1,2,1,2,1,39,145
1243,1,1,2,2,1,42,22
1244,5,4,5,4,4,158,22
1245,3,3,2,4,3,50,22
1246,5,5,5,4,4,128,6
1247,1,1,2,1,1,50,97
1248,4,4,4,5,4,128,97
1249,2,2,1,3,2,42,55
1250,5,5,5,5,5,36,55
1251,1,2,1,1,1,128,55
1252,2,3,3,3,2,36,71
1253,2,2,3,1,2,39,79
1254,3,3,3,4,3,39,100
1255,3,3,4,4,3,128,51
1256,4,4,5,5,4,42,51
1257,1,1,1,1,1,158,94
1258,4,3,5,4,4,128,94
1259,2,1,2,1,1,128,102
1260,5,5,5,5,5,42,102
1261,2,3,3,1,2,36,102
1262,4,5,4,3,4,158,95
1263,3,4,4,2,3,50,95
1264,3,4,3,4,3,42,95
1265,2,1,1,1,1,50,146
1266,1,2,1,1,1,120,83
1267,2,3,3,3,2,190,83
1268,2,1,1,2,1,190,115
1269,5,5,4,4,4,143,115
1270,3,3,3,4,3,216,115
1271,4,5,4,3,4,216,102
1272,3,2,3,2,2,190,94
1273,1,2,1,1,1,120,95
1274,5,5,5,5,5,143,95
1275,5,5,4,5,4,216,95
1276,5,5,5,4,4,190,70
1277,4,4,5,4,4,120,70
1278,4,3,3,3,3,216,70
1279,2,2,2,1,1,143,136
1280,5,5,5,5,5,120,136
1281,2,3,3,2,2,120,53
1282,1,1,1,2,1,190,53
1283,4,5,5,5,4,143,53
1284,5,5,5,4,4,143,124
1285,3,4,4,2,3,190,28
1286,3,2,3,4,3,216,28
1287,3,2,3,3,2,120,107
1288,4,4,4,5,4,120,17
1289,1,2,1,1,1,216,17
1290,2,1,2,1,1,216,90
1291,3,3,2,2,2,120,90
1292,4,4,5,4,4,143,90
1293,1,1,2,2,1,143,61
1294,2,1,1,3,1,143,68
1295,2,1,2,3,2,190,68
1296,4,5,3,5,4,190,36
1297,5,5,5,4,4,120,36
1298,2,1,1,3,1,143,74
1299,2,1,1,3,1,190,74
1300,4,3,5,5,4,120,74
1301,4,4,5,3,4,120,50
1302,5,4,5,5,4,143,50
1303,1,1,1,1,1,216,50
1304,3,4,3,3,3,190,85
1305,4,5,3,3,3,120,85
1306,4,3,3,3,3,143,130
1307,5,5,4,5,4,190,130
1308,1,1,1,2,1,143,81
1309,2,2,3,3,2,190,81
1310,2,2,3,2,2,216,81
1311,5,5,4,4,4,143,29
1312,2,3,3,2,2,143,57
1313,1,1,2,1,1,190,71
1314,3,2,3,4,3,216,71
1315,5,5,5,5,5,120,71
1316,1,2,2,2,1,120,106
1317,1,2,1,1,1,143,106
1318,5,5,4,5,4,216,106
1319,5,4,4,4,4,190,121
1320,1,1,1,1,1,190,73
1321,1,1,2,1,1,120,73
1322,2,3,2,2,2,143,73
1323,3,3,4,3,3,120,33
1324,3,3,3,2,2,216,39
1325,1,2,1,1,1,143,6
1326,1,1,1,2,1,143,100
1327,1,1,1,1,1,216,100
1328,5,5,4,5,4,120,100
1329,5,4,5,5,4,216,4
1330,4,3,3,4,3,120,52
1331,2,2,2,2,2,143,52
1332,1,1,1,2,1,216,52
1333,4,5,5,5,4,120,149
1334,3,3,2,3,2,190,113
1335,4,5,4,4,4,143,113
1336,3,3,2,4,3,216,113
1337,5,5,4,5,4,216,3
1338,4,3,5,4,4,120,132
1339,3,4,2,3,3,216,132
1340,5,5,4,4,4,143,132
1341,1,1,2,1,1,143,139
1342,5,5,5,5,5,120,139
1343,1,1,2,1,1,120,79
1344,2,2,1,2,1,143,79
1345,2,3,2,2,2,216,128
1346,2,3,2,1,2,143,38
1347,5,5,5,4,4,120,91
1348,3,3,2,3,2,190,49
1349,2,1,2,2,1,120,123
1350,1,2,1,1,1,143,123
1351,4,3,3,3,3,190,123
1352,2,1,1,2,1,143,88
1353,1,1,2,2,1,120,88
1354,4,4,4,5,4,216,45
1355,2,3,2,2,2,143,45
1356,1,1,2,1,1,143,41
1357,5,5,4,4,4,216,41
1358,4,3,4,4,3,216,21
1359,4,5,4,3,4,120,103
1360,2,2,2,1,1,190,103
1361,5,4,5,4,4,190,24
1362,2,2,1,3,2,143,24
1363,5,5,5,5,5,120,69
1364,5,4,5,5,4,143,40
1365,3,4,2,4,3,216,40
1366,4,4,3,3,3,143,77
1367,3,3,4,4,3,190,77
1368,1,2,1,2,1,216,77
1369,2,2,1,3,2,216,10
1370,3,4,2,4,3,190,105
1371,5,5,5,5,5,190,138
1372,4,3,4,5,4,120,16
1373,1,1,1,1,1,190,16
1374,1,2,1,1,1,143,16
1375,5,5,4,5,4,120,127
1376,3,3,3,2,2,190,127
1377,4,5,5,4,4,143,65
1378,4,4,4,3,3,120,65
1379,3,2,4,3,3,190,31
1380,4,3,3,3,3,216,31
1381,2,3,1,1,1,190,120
1382,3,4,4,2,3,190,143
1383,5,5,5,4,4,216,143
1384,1,1,2,1,1,143,143
1385,2,2,3,3,2,216,142
1386,5,5,5,5,5,197,90
1387,2,1,2,1,1,164,90
1388,1,1,1,2,1,180,90
1389,3,4,3,4,3,9,126
1390,4,5,3,3,3,98,126
1391,5,4,5,5,4,98,87
1392,2,2,3,2,2,172,87
1393,4,4,3,3,3,172,13
1394,2,1,2,3,2,9,1
1395,3,3,3,2,2,172,1
1396,3,4,2,3,3,98,40
1397,1,1,1,1,1,197,40
1398,2,1,3,3,2,197,144
1399,4,3,4,4,3,9,144
1400,1,1,2,2,1,180,144
1401,3,2,3,3,2,197,55
1402,4,3,4,5,4,122,55
1403,1,2,1,2,1,122,28
1404,4,4,4,3,3,172,28
1405,1,1,1,2,1,79,84
1406,2,3,1,1,1,122,84
1407,2,3,3,2,2,180,84
1408,3,4,4,2,3,9,118
1409,3,3,2,2,2,172,118
1410,3,3,3,3,3,122,135
1411,2,1,1,3,1,180,135
1412,2,1,2,3,2,164,71
1413,5,5,4,5,4,122,71
1414,5,4,5,5,4,197,71
1415,4,3,5,3,3,122,105
1416,2,1,1,1,1,164,96
1417,5,4,5,5,4,164,37
1418,1,1,1,1,1,98,37
1419,3,3,4,4,3,79,37
1420,4,5,5,3,4,197,29
1421,3,3,4,2,3,98,26
1422,2,1,2,3,2,197,130
1423,1,1,1,1,1,164,130
1424,3,4,4,2,3,180,130
1425,1,1,1,2,1,98,35
1426,3,2,3,4,3,122,35
1427,1,1,2,2,1,197,45
1428,5,5,5,5,5,98,45
1429,2,3,2,2,2,122,45
1430,5,4,4,5,4,9,21
1431,4,4,3,4,3,122,21
1432,4,5,3,5,4,98,121
1433,2,3,3,1,2,9,121
1434,5,5,5,5,5,79,121
1435,4,5,3,4,4,164,57
1436,2,1,1,3,1,180,57
1437,5,5,4,4,4,9,128
1438,1,2,1,2,1,98,128
1439,4,5,5,3,4,79,14
1440,2,2,1,1,1,172,14
1441,5,5,5,5,5,197,14
1442,5,4,4,5,4,9,65
1443,1,2,1,1,1,172,65
1444,5,4,5,5,4,98,65
1445,5,4,5,5,4,122,142
1446,3,2,2,4,2,98,142
1447,3,3,3,4,3,9,149
1448,5,5,4,4,4,79,149
1449,2,1,1,2,1,79,25
1450,5,4,5,5,4,79,43
1451,3,3,3,2,2,197,43
1452,5,5,5,4,4,197,124
1453,3,4,3,4,3,180,41
1454,2,3,3,1,2,164,5
1455,1,2,1,2,1,9,120
1456,2,3,2,2,2,122,54
1457,5,5,5,5,5,9,54
1458,3,4,2,3,3,180,10
1459,4,4,4,3,3,9,107
1460,5,4,5,5,4,9,52
1461,1,1,2,1,1,172,110
1462,2,3,2,1,2,79,110
1463,1,1,1,1,1,180,110
1464,4,3,4,4,3,98,93
1465,4,5,4,5,4,9,93
1466,5,5,5,5,5,197,93
1467,2,3,1,2,2,172,72
1468,1,1,2,2,1,122,72
1469,2,3,1,1,1,164,38
1470,3,4,4,4,3,164,20
1471,1,2,1,2,1,172,19
1472,4,3,4,3,3,122,19
1473,3,4,4,4,3,9,19
1474,1,1,2,1,1,164,42
1475,2,1,1,1,1,197,30
1476,1,2,1,1,1,122,30
1477,3,3,4,4,3,79,103
1478,3,3,4,3,3,181,14
1479,4,4,4,4,4,202,14
1480,1,1,1,1,1,87,14
1481,2,3,1,1,1,181,47
1482,5,5,4,5,4,181,27
1483,2,2,1,2,1,87,27
1484,3,3,3,3,3,55,27
1485,5,5,5,5,5,55,31
1486,3,3,2,2,2,181,31
1487,2,2,3,1,2,181,71
1488,2,3,1,1,1,87,71
1489,2,1,2,2,1,55,71
1490,3,3,3,4,3,181,136
1491,3,4,4,2,3,87,49
1492,2,3,1,3,2,181,49
1493,2,2,3,3,2,202,55
1494,4,3,3,4,3,55,55
1495,2,3,2,2,2,87,145
1496,1,2,2,2,1,55,145
1497,3,2,3,3,2,181,145
1498,2,3,1,3,2,87,37
1499,4,5,5,3,4,181,37
1500,5,5,5,5,5,55,37
1501,1,2,2,2,1,87,89
1502,3,2,3,2,2,202,135
1503,1,2,1,1,1,55,135
1504,3,2,2,4,2,87,149
1505,2,1,2,2,1,181,149
1506,1,1,1,2,1,55,149
1507,3,2,4,2,2,55,20
1508,1,1,1,1,1,202,20
1509,2,1,1,3,1,55,24
1510,1,1,1,1,1,202,24
1511,3,2,2,2,2,55,39
1512,2,3,3,3,2,181,39
1513,3,3,4,2,3,202,39
1514,5,5,5,5,5,202,30
1515,1,1,1,2,1,87,104
1516,1,1,2,1,1,202,104
1517,3,3,4,3,3,181,87
1518,1,2,1,1,1,87,87
1519,1,2,1,1,1,202,103
1520,1,2,2,2,1,55,103
1521,3,4,2,2,2,87,103
1522,1,2,2,2,1,202,62
1523,2,1,1,2,1,87,62
1524,2,1,2,1,1,55,2
1525,5,4,4,4,4,87,2
1526,4,4,5,3,4,181,2
1527,1,1,1,1,1,55,118
1528,5,4,5,5,4,87,118
1529,5,4,5,4,4,202,118
1530,2,1,1,1,1,55,48
1531,3,2,2,3,2,87,74
1532,4,5,5,4,4,55,74
1533,4,3,4,4,3,181,74
1534,3,3,3,2,2,202,94
1535,4,5,5,3,4,87,94
1536,2,3,3,2,2,181,94
1537,4,4,3,5,4,181,110
1538,3,4,3,3,3,202,110
1539,5,4,4,5,4,87,110
1540,1,1,2,2,1,181,12
1541,3,4,2,4,3,181,143
1542,3,4,4,4,3,87,143
1543,3,3,2,4,3,181,99
1544,2,3,3,1,2,87,99
1545,3,4,2,2,2,55,99
1546,3,2,3,3,2,87,67
1547,3,2,4,2,2,181,33
1548,5,5,4,5,4,55,33
1549,2,1,1,2,1,87,33
1550,1,1,1,1,1,55,72
1551,1,2,2,1,1,87,72
1552,5,5,4,5,4,181,72
1553,5,5,5,4,4,55,5
1554,2,2,2,1,1,87,5
1555,3,3,3,4,3,202,5
1556,1,1,1,2,1,87,8
1557,3,4,2,4,3,55,8
1558,2,3,2,2,2,202,8
1559,3,4,4,2,3,181,105
1560,1,1,1,1,1,202,105
1561,2,3,2,3,2,202,100
1562,4,4,4,5,4,55,100
1563,1,2,1,1,1,181,100
1564,1,2,1,1,1,202,17
1565,5,5,4,5,4,181,17
1566,4,3,3,5,3,55,17
1567,2,2,2,3,2,87,106
1568,1,1,2,1,1,87,56
1569,2,3,1,1,1,55,133
1570,4,5,5,4,4,202,44
1571,4,3,4,3,3,55,44
1572,1,2,1,2,1,87,44
1573,4,4,3,3,3,87,53
1574,5,4,5,4,4,55,53
1575,1,2,1,1,1,202,53
1576,5,5,4,4,4,181,95
1577,4,4,4,4,4,87,109
1578,4,4,5,5,4,181,109
1579,3,3,3,2,2,87,137
1580,4,4,5,3,4,55,137
1581,3,4,2,2,2,202,129
1582,4,3,4,3,3,181,129
1583,3,4,3,4,3,202,115
1584,4,4,5,5,4,55,115
1585,1,1,1,1,1,87,115
1586,5,5,5,4,4,87,138
1587,2,1,3,2,2,202,138
1588,5,4,5,5,4,87,54
1589,5,5,5,4,4,202,54
1590,5,4,5,5,4,194,12
1591,2,2,2,3,2,203,12
1592,2,3,2,2,2,168,12
1593,2,2,3,3,2,168,36
1594,2,2,2,3,2,33,36
1595,2,3,2,2,2,194,36
1596,5,5,4,4,4,195,149
1597,4,4,3,3,3,194,149
1598,2,3,2,1,2,195,132
1599,5,5,5,4,4,203,132
1600,1,2,2,2,1,168,132
1601,2,3,2,2,2,33,69
1602,3,4,2,2,2,195,10
1603,5,5,5,4,4,203,64
1604,2,2,3,2,2,33,79
1605,5,5,5,5,5,168,79
1606,1,2,2,1,1,168,71
1607,5,5,5,4,4,33,25
1608,1,2,2,2,1,194,127
1609,2,1,1,2,1,195,130
1610,4,3,5,4,4,194,51
1611,4,3,3,5,3,194,82
1612,1,1,1,1,1,195,82
1613,2,2,3,3,2,168,82
1614,2,2,1,3,2,168,16
1615,1,1,1,2,1,33,16
1616,4,4,4,4,4,168,114
1617,5,5,4,5,4,33,114
1618,5,5,5,5,5,168,109
1619,4,4,3,4,3,33,109
1620,5,4,4,4,4,195,109
1621,2,2,3,2,2,194,77
1622,4,5,3,5,4,195,77
1623,4,5,5,4,4,203,77
1624,5,5,4,5,4,203,6
1625,3,4,2,2,2,195,117
1626,5,4,5,5,4,203,117
1627,2,3,1,3,2,168,21
1628,3,3,4,4,3,203,21
1629,5,5,4,4,4,168,1
1630,5,4,5,5,4,194,1
1631,2,1,2,3,2,203,1
1632,4,5,3,3,3,33,7
1633,3,2,3,3,2,168,7
1634,1,2,2,1,1,33,106
1635,1,1,2,1,1,195,106
1636,2,2,1,3,2,168,106
1637,4,4,3,5,4,33,115
1638,2,3,2,3,2,203,115
1639,4,3,3,5,3,194,133
1640,1,2,1,1,1,195,150
1641,2,2,2,3,2,168,150
1642,2,3,2,2,2,194,150
1643,4,5,5,3,4,195,90
1644,5,5,5,5,5,194,86
1645,4,4,4,4,4,203,86
1646,2,1,1,2,1,195,94
1647,3,4,4,2,3,168,94
1648,5,5,5,4,4,194,94
1649,4,5,3,5,4,33,41
1650,1,1,1,1,1,195,41
1651,5,4,5,5,4,168,41
1652,1,2,2,2,1,195,110
1653,1,1,1,2,1,168,110
1654,3,2,4,2,2,33,110
1655,3,3,3,2,2,168,89
1656,1,2,1,1,1,195,89
1657,1,1,1,1,1,194,143
1658,4,3,3,3,3,168,143
1659,1,1,1,1,1,33,103
1660,4,3,3,4,3,194,35
1661,4,4,4,3,3,168,35
1662,1,2,1,2,1,195,35
1663,2,3,1,2,2,33,139
1664,1,1,2,2,1,194,139
1665,3,3,4,4,3,195,139
1666,1,1,1,1,1,203,43
1667,1,1,2,2,1,168,43
1668,4,4,5,4,4,203,40
1669,4,4,4,3,3,195,40
1670,1,2,1,2,1,33,2
1671,3,3,2,4,3,203,2
1672,4,4,5,5,4,168,2
1673,5,4,5,5,4,194,78
1674,4,5,5,5,4,33,78
1675,5,4,4,4,4,195,78
1676,5,4,4,5,4,194,104
1677,4,3,4,4,3,195,104
1678,4,5,5,5,4,203,84
1679,4,3,4,3,3,194,65
1680,4,3,4,4,3,194,38
1681,1,1,2,2,1,195,38
1682,3,3,2,2,2,33,38
1683,2,1,2,1,1,168,129
1684,1,1,2,1,1,203,129
1685,1,2,1,1,1,194,129
1686,1,2,1,1,1,195,93
1687,2,1,2,1,1,33,93
1688,2,1,2,2,1,194,93
1689,4,5,5,3,4,168,123
1690,5,5,5,5,5,194,123
1691,5,5,5,5,5,203,123
1692,3,4,4,4,3,33,126
1693,1,2,1,2,1,194,126
1694,2,2,2,2,2,203,126
1695,1,1,1,1,1,168,50
1696,1,1,1,1,1,194,50
1697,4,4,3,4,3,203,141
1698,1,1,1,1,1,195,141
1699,2,3,2,1,2,194,105
1700,2,3,3,1,2,203,105
1701,3,2,4,4,3,33,52
1702,5,5,5,5,5,203,52
1703,1,1,1,2,1,195,52
1704,5,5,5,4,4,203,96
1705,5,5,5,5,5,194,68
1706,3,3,3,3,3,203,68
1707,5,5,4,5,4,168,68
1708,5,4,5,5,4,195,128
1709,4,3,3,5,3,160,115
1710,3,3,4,2,3,149,115
1711,2,1,1,1,1,114,115
1712,4,3,5,5,4,114,107
1713,3,2,3,4,3,160,107
1714,4,5,5,5,4,149,107
1715,2,1,3,1,1,114,22
1716,5,4,4,5,4,160,22
1717,5,4,5,5,4,114,128
1718,4,5,3,5,4,160,50
1719,1,2,2,1,1,149,50
1720,1,2,1,1,1,114,50
1721,2,3,2,3,2,160,100
1722,3,3,4,4,3,114,100
1723,3,3,4,2,3,149,100
1724,5,5,5,4,4,114,61
1725,1,2,2,2,1,160,61
1726,3,3,4,3,3,149,61
1727,5,4,5,5,4,160,42
1728,2,1,1,2,1,114,42
1729,3,2,2,4,2,149,13
1730,3,3,2,4,3,160,13
1731,4,4,5,3,4,149,103
1732,5,5,4,5,4,160,104
1733,1,2,2,1,1,160,59
1734,5,5,4,5,4,149,59
1735,3,2,3,2,2,114,59
1736,2,1,3,1,1,149,121
1737,3,4,3,4,3,160,60
1738,4,4,4,5,4,114,60
1739,1,1,1,2,1,114,78
1740,4,4,5,4,4,149,63
1741,3,3,4,2,3,114,63
1742,4,4,3,4,3,160,63
1743,5,4,5,4,4,149,31
1744,2,3,1,2,2,160,119
1745,1,1,1,1,1,149,119
1746,2,2,1,2,1,149,133
1747,2,2,3,3,2,114,77
1748,4,5,5,5,4,160,111
1749,2,3,1,1,1,114,111
1750,3,3,3,4,3,149,111
1751,1,1,2,1,1,149,45
1752,4,5,5,4,4,114,45
1753,1,1,2,1,1,160,45
1754,5,4,5,5,4,160,55
1755,1,1,2,1,1,114,82
1756,1,2,1,2,1,149,82
1757,3,3,3,2,2,160,82
1758,1,2,2,2,1,149,64
1759,3,2,4,4,3,149,90
1760,2,2,3,3,2,160,90
1761,2,2,3,1,2,114,90
1762,5,5,4,4,4,149,47
1763,2,3,2,1,2,160,47
1764,1,1,1,2,1,114,47
1765,2,2,2,2,2,149,130
1766,1,1,1,2,1,149,38
1767,2,2,3,3,2,149,95
1768,3,3,4,4,3,160,95
1769,4,3,3,3,3,114,95
1770,3,3,3,4,3,114,15
1771,3,2,4,2,2,160,15
1772,2,1,2,1,1,149,28
1773,2,3,2,3,2,160,28
1774,2,2,3,2,2,149,101
1775,5,5,5,4,4,114,101
1776,4,5,4,3,4,160,101
1777,2,3,3,2,2,149,36
1778,2,1,2,1,1,160,44
1779,5,5,5,5,5,114,44
1780,3,2,4,3,3,149,44
1781,4,5,4,3,4,160,143
1782,2,3,3,3,2,114,143
1783,1,1,1,1,1,149,143
1784,1,2,2,2,1,149,106
1785,4,3,5,3,3,160,106
1786,5,5,5,4,4,114,106
1787,4,3,4,3,3,114,33
1788,1,1,1,1,1,149,33
1789,5,4,5,5,4,114,2
1790,1,1,1,1,1,114,112
1791,3,3,4,2,3,114,99
1792,4,3,5,5,4,149,99
1793,5,4,4,5,4,149,17
1794,3,4,4,4,3,114,17
1795,3,3,4,2,3,160,96
1796,5,5,5,5,5,114,96
1797,1,1,2,1,1,160,5
1798,1,2,1,2,1,114,5
1799,4,5,3,4,4,149,5
1800,4,5,5,4,4,149,21
1801,1,1,1,2,1,114,21
1802,4,3,4,3,3,160,21
1803,5,5,4,4,4,160,76
1804,4,4,4,5,4,149,79
1805,2,3,2,1,2,136,92
1806,4,4,3,5,4,28,91
1807,1,1,2,1,1,37,91
1808,5,5,5,4,4,13,91
1809,2,2,1,1,1,136,125
1810,4,5,3,3,3,28,125
1811,2,1,3,1,1,137,38
1812,2,2,1,3,2,17,89
1813,5,5,5,5,5,17,111
1814,2,1,3,2,2,10,6
1815,5,4,5,5,4,105,6
1816,1,1,1,1,1,131,6
1817,1,2,2,1,1,136,143
1818,1,1,1,2,1,107,50
1819,2,3,1,1,1,28,50
1820,2,3,1,3,2,80,50
1821,2,1,3,1,1,80,98
1822,4,5,3,5,4,105,98
1823,3,4,4,2,3,17,98
1824,5,5,5,5,5,80,37
1825,3,3,3,4,3,136,115
1826,1,1,1,1,1,34,115
1827,4,5,3,5,4,13,115
1828,1,2,1,2,1,80,138
1829,3,3,4,3,3,10,15
1830,2,3,2,2,2,137,124
1831,4,4,5,3,4,131,30
1832,4,4,5,4,4,37,30
1833,5,5,4,5,4,17,52
1834,1,2,1,1,1,34,52
1835,2,1,1,3,1,137,52
1836,4,5,3,5,4,28,68
1837,2,2,3,1,2,137,68
1838,1,1,1,1,1,10,68
1839,2,3,2,3,2,137,32
1840,5,5,5,4,4,80,32
1841,2,3,1,2,2,137,123
1842,1,2,1,2,1,30,123
1843,3,3,3,4,3,37,25
1844,3,4,4,2,3,37,20
1845,5,5,4,5,4,34,20
1846,1,1,2,2,1,10,16
1847,4,5,4,4,4,28,114
1848,4,3,4,4,3,105,70
1849,1,1,2,1,1,28,70
1850,5,5,5,5,5,34,86
1851,1,1,2,2,1,13,35
1852,5,4,4,5,4,131,18
1853,1,1,2,1,1,34,148
1854,4,3,5,3,3,28,148
1855,5,5,5,5,5,107,107
1856,2,1,1,1,1,28,107
1857,2,2,3,2,2,80,107
1858,4,3,5,4,4,131,54
1859,2,3,3,2,2,80,54
1860,2,1,1,1,1,136,129
1861,5,5,5,5,5,34,129
1862,4,3,5,4,4,30,129
1863,5,5,4,5,4,28,62
1864,1,1,1,2,1,107,62
1865,1,1,1,1,1,105,62
1866,4,5,3,3,3,137,3
1867,1,1,2,1,1,34,149
1868,2,1,1,1,1,137,149
1869,2,3,2,1,2,10,42
1870,2,3,2,3,2,34,71
1871,5,5,5,5,5,30,10
1872,1,2,1,1,1,105,10
1873,3,3,3,2,2,105,80
1874,3,2,3,3,2,80,13
1875,3,4,3,4,3,131,13
1876,3,4,4,3,3,13,13
1877,2,2,3,1,2,37,113
1878,1,1,2,2,1,131,26
1879,3,2,4,3,3,37,26
1880,4,3,3,5,3,131,142
1881,3,4,3,2,3,80,142
1882,3,4,3,2,3,17,81
1883,3,3,2,4,3,28,81
1884,2,2,3,3,2,105,84
1885,3,3,2,3,2,10,104
1886,4,3,5,3,3,17,104
1887,3,3,4,2,3,28,104
1888,5,5,4,5,4,107,60
1889,3,4,2,2,2,80,60
1890,3,2,2,3,2,37,60
1891,5,5,5,4,4,80,137
1892,1,2,1,1,1,10,112
1893,3,2,4,4,3,64,6
1894,3,2,3,2,2,46,6
1895,5,4,5,5,4,3,6
1896,5,5,4,5,4,64,139
1897,1,1,2,2,1,46,139
1898,3,2,3,2,2,110,9
1899,1,2,2,2,1,44,123
1900,2,3,2,3,2,110,123
1901,1,1,1,1,1,110,71
1902,4,4,3,3,3,110,66
1903,2,3,1,2,2,46,113
1904,2,1,1,3,1,110,113
1905,3,4,4,2,3,44,113
1906,2,3,3,3,2,44,119
1907,1,1,1,1,1,64,67
1908,5,5,5,4,4,110,67
1909,5,4,5,5,4,110,109
1910,1,1,2,2,1,46,109
1911,5,4,5,4,4,64,109
1912,3,4,3,2,3,44,140
1913,2,2,1,2,1,3,140
1914,2,3,1,1,1,64,140
1915,2,2,1,3,2,64,16
1916,3,3,4,2,3,110,16
1917,4,4,5,5,4,44,16
1918,5,5,5,5,5,46,70
1919,4,4,3,4,3,64,70
1920,5,5,5,5,5,44,70
1921,2,1,1,2,1,64,22
1922,5,5,4,5,4,110,22
1923,5,4,5,4,4,110,82
1924,5,5,5,4,4,46,82
1925,4,5,5,5,4,44,82
1926,1,1,2,2,1,44,110
1927,1,1,1,1,1,64,110
1928,3,4,3,2,3,3,57
1929,1,1,1,2,1,110,129
1930,5,4,4,4,4,64,116
1931,2,3,1,2,2,46,48
1932,2,3,1,3,2,44,32
1933,3,4,3,2,3,3,32
1934,4,4,4,4,4,64,35
1935,3,3,3,2,2,110,35
1936,3,4,3,2,3,46,35
1937,4,3,4,4,3,44,87
1938,5,5,5,5,5,46,87
1939,2,2,3,1,2,64,87
1940,3,4,4,3,3,44,137
1941,1,2,1,1,1,110,137
1942,1,1,1,2,1,64,137
1943,5,5,4,4,4,64,41
1944,2,1,1,2,1,110,41
1945,4,5,3,5,4,44,41
1946,5,5,4,5,4,110,18
1947,4,5,5,5,4,46,18
1948,1,1,1,2,1,110,120
1949,3,4,3,3,3,46,23
1950,2,2,1,3,2,3,141
1951,5,5,4,5,4,44,95
1952,5,5,5,4,4,64,95
1953,3,2,2,4,2,3,85
1954,4,4,3,3,3,64,85
1955,1,2,1,1,1,44,85
1956,3,4,4,2,3,110,49
1957,5,5,5,4,4,44,79
1958,4,3,3,4,3,64,79
1959,3,4,3,4,3,3,79
1960,3,2,2,3,2,3,142
1961,4,4,4,3,3,110,142
1962,5,5,5,4,4,44,142
1963,2,3,2,2,2,110,84
1964,4,4,5,5,4,46,84
1965,1,2,1,2,1,3,84
1966,3,3,4,3,3,3,58
1967,1,1,1,1,1,3,28
1968,4,5,5,3,4,44,103
1969,2,3,1,1,1,64,103
1970,1,2,1,1,1,3,103
1971,4,5,4,5,4,46,74
1972,4,4,5,5,4,64,118
1973,5,5,5,4,4,64,37
1974,4,4,5,4,4,110,37
1975,4,5,3,4,4,110,5
1976,4,3,3,5,3,44,4
1977,3,3,3,2,2,64,77
1978,1,1,2,1,1,46,77
1979,4,3,5,4,4,64,131
1980,1,2,2,1,1,46,131
1981,4,5,5,4,4,44,91
1982,4,5,5,3,4,46,91
1983,4,4,4,3,3,110,8
1984,4,3,4,3,3,64,8
1985,4,3,5,5,4,44,8
1986,5,5,5,5,5,127,22
1987,1,2,2,2,1,187,22
1988,4,4,3,3,3,48,22
1989,4,4,5,3,4,151,89
1990,2,1,1,2,1,198,84
1991,3,3,2,3,2,151,84
1992,5,5,4,5,4,151,52
1993,1,1,1,1,1,198,52
1994,2,1,3,3,2,187,52
1995,1,1,2,1,1,198,123
1996,1,1,2,2,1,187,123
1997,5,5,5,5,5,48,107
1998,4,3,5,3,3,127,107
1999,3,4,4,2,3,127,111
2000,1,1,2,1,1,127,21
2001,4,4,5,3,4,127,126
2002,5,5,5,4,4,187,126
2003,5,5,5,4,4,151,126
2004,1,2,2,1,1,198,29
2005,1,1,1,1,1,127,29
2006,3,2,2,3,2,130,29
2007,4,4,5,3,4,198,106
2008,2,3,2,1,2,127,106
2009,4,3,4,5,4,48,53
2010,5,5,4,5,4,187,53
2011,2,2,2,2,2,187,115
2012,4,5,4,3,4,127,115
2013,4,4,3,5,4,130,115
2014,1,1,2,1,1,187,144
2015,2,3,2,2,2,151,144
2016,2,1,2,3,2,48,144
2017,4,4,5,5,4,151,42
2018,3,2,3,2,2,187,42
2019,2,2,1,1,1,48,42
2020,3,4,4,4,3,48,28
2021,1,1,1,1,1,151,28
2022,3,2,2,4,2,187,28
2023,1,1,2,1,1,130,23
2024,3,3,2,3,2,198,23
2025,4,4,4,3,3,151,23
2026,2,1,3,1,1,48,5
2027,1,1,1,1,1,127,5
2028,1,2,2,1,1,151,63
2029,1,2,1,1,1,187,59
2030,5,5,4,5,4,198,124
2031,3,2,4,2,2,151,124
2032,4,4,3,4,3,127,1
2033,4,3,3,4,3,48,72
2034,4,4,5,3,4,130,140
2035,2,3,3,1,2,127,147
2036,3,2,3,4,3,130,147
2037,3,4,3,3,3,48,147
2038,5,4,5,4,4,130,55
2039,1,1,1,1,1,198,55
2040,4,3,4,5,4,151,55
2041,5,5,5,5,5,187,27
2042,4,3,4,3,3,127,27
2043,1,1,1,1,1,130,27
2044,3,4,4,3,3,187,133
2045,2,3,3,2,2,198,133
2046,2,3,2,2,2,151,133
2047,4,5,4,3,4,187,121
2048,5,5,4,4,4,127,75
2049,2,2,3,1,2,127,135
2050,2,3,1,2,2,48,25
2051,2,3,3,1,2,151,25
2052,2,1,1,2,1,187,25
2053,4,4,5,5,4,130,122
2054,1,1,1,1,1,187,122
2055,3,4,4,3,3,48,122
2056,1,1,1,1,1,48,109
2057,3,2,4,4,3,198,109
2058,4,3,4,5,4,48,81
2059,3,4,4,3,3,127,81
2060,2,1,1,2,1,130,138
2061,1,2,2,2,1,127,138
2062,4,3,5,4,4,198,138
2063,5,4,5,5,4,151,129
2064,4,5,5,4,4,187,129
2065,5,5,4,5,4,151,19
2066,2,1,3,3,2,127,83
2067,3,4,2,2,2,127,68
2068,5,5,4,5,4,151,30
2069,3,2,2,4,2,127,30
2070,2,3,1,3,2,151,108
2071,2,2,1,2,1,48,148
2072,1,1,2,2,1,198,40
2073,2,2,3,3,2,187,40
2074,4,3,5,4,4,198,86
2075,4,4,5,4,4,187,86
2076,4,3,4,5,4,127,12
2077,3,2,3,3,2,130,12
2078,1,1,1,1,1,198,12
2079,5,5,4,4,4,198,95
2080,2,1,3,3,2,187,95
2081,3,4,4,2,3,151,105
2082,5,5,5,4,4,198,105
2083,2,1,2,1,1,187,105
2084,2,3,2,1,2,57,47
2085,5,5,5,5,5,206,47
2086,3,4,2,2,2,159,47
2087,2,3,2,3,2,57,16
2088,3,2,2,4,2,206,93
2089,4,4,5,4,4,159,93
2090,4,5,4,3,4,159,130
2091,1,1,1,2,1,57,130
2092,2,2,2,2,2,206,136
2093,5,4,5,4,4,57,136
2094,2,3,2,3,2,159,62
2095,3,2,4,3,3,57,3
2096,4,4,4,5,4,206,3
2097,3,2,4,2,2,206,8
2098,1,1,2,1,1,206,31
2099,4,3,4,5,4,57,139
2100,4,5,5,4,4,57,128
2101,5,5,5,5,5,159,128
2102,5,4,4,5,4,206,128
2103,4,3,3,3,3,159,110
2104,4,3,3,4,3,57,110
2105,5,5,4,4,4,206,110
2106,2,1,3,1,1,57,65
2107,1,1,2,1,1,159,65
2108,1,1,2,2,1,206,65
2109,1,2,2,1,1,159,14
2110,4,3,3,3,3,57,112
2111,5,5,4,5,4,206,112
2112,1,1,1,1,1,159,116
2113,4,5,5,4,4,206,116
2114,2,2,1,3,2,206,80
2115,5,5,5,4,4,159,80
2116,1,2,1,1,1,159,42
2117,2,2,2,1,1,57,42
2118,3,3,2,2,2,206,144
2119,5,5,5,5,5,206,119
2120,4,4,4,5,4,57,119
2121,1,2,1,2,1,159,119
2122,4,3,5,3,3,206,94
2123,2,1,3,2,2,57,94
2124,4,5,5,5,4,57,39
2125,4,5,3,3,3,57,21
2126,1,1,1,2,1,159,24
2127,5,5,5,5,5,57,142
2128,1,1,1,1,1,159,142
2129,1,2,1,2,1,206,131
2130,3,4,2,3,3,57,121
2131,4,4,4,5,4,206,121
2132,5,5,5,5,5,159,58
2133,1,1,1,2,1,206,58
2134,5,5,5,5,5,57,58
2135,4,3,5,4,4,159,91
2136,1,1,1,1,1,57,91
2137,3,4,2,2,2,206,91
2138,5,5,4,5,4,57,68
2139,4,5,4,5,4,159,68
2140,1,1,1,2,1,206,68
2141,1,1,1,2,1,57,52
2142,5,5,5,4,4,159,52
2143,2,3,1,1,1,57,143
2144,5,5,5,4,4,206,143
2145,5,5,4,5,4,159,106
2146,1,2,1,1,1,206,106
2147,5,5,5,5,5,57,106
2148,5,5,5,5,5,159,73
2149,2,1,1,1,1,206,129
2150,5,4,5,5,4,57,129
2151,4,3,4,5,4,206,26
2152,1,2,1,2,1,159,26
2153,2,2,3,2,2,57,26
2154,2,2,3,3,2,159,43
2155,5,5,5,5,5,57,43
2156,3,4,4,4,3,206,43
2157,1,1,2,1,1,159,10
2158,4,3,3,4,3,206,10
2159,3,4,2,2,2,57,10
2160,1,1,1,1,1,57,64
2161,3,3,3,4,3,159,64
2162,5,5,5,5,5,159,45
2163,4,5,4,5,4,57,45
2164,4,5,4,3,4,206,45
2165,4,4,3,5,4,57,89
2166,2,3,2,1,2,57,44
2167,4,3,3,4,3,57,111
2168,5,5,5,5,5,62,21
2169,3,3,3,2,2,207,21
2170,5,5,5,5,5,138,69
2171,5,4,4,4,4,62,69
2172,1,1,2,1,1,138,106
2173,3,2,4,3,3,213,134
2174,1,1,1,2,1,62,134
2175,1,2,1,1,1,207,134
2176,1,1,1,2,1,163,107
2177,5,4,4,5,4,138,107
2178,5,5,4,4,4,188,142
2179,3,3,3,3,3,54,142
2180,5,5,5,4,4,62,147
2181,2,3,2,3,2,54,147
2182,4,4,3,5,4,138,103
2183,1,1,1,1,1,163,103
2184,4,4,4,5,4,188,103
2185,2,2,1,1,1,188,101
2186,2,1,2,2,1,54,110
2187,2,2,2,1,1,163,92
2188,3,3,3,2,2,54,92
2189,3,4,2,3,3,138,12
2190,4,4,3,5,4,163,12
2191,1,2,1,1,1,138,127
2192,3,4,4,3,3,207,127
2193,4,3,4,5,4,54,127
2194,5,5,5,5,5,62,20
2195,3,2,4,4,3,138,43
2196,2,3,3,1,2,138,125
2197,2,1,2,1,1,207,125
2198,2,2,2,2,2,54,7
2199,1,1,1,1,1,188,7
2200,5,4,4,5,4,188,24
2201,1,1,1,1,1,54,24
2202,3,2,4,4,3,163,129
2203,1,1,1,1,1,62,15
2204,4,3,4,5,4,207,15
2205,3,4,2,2,2,163,15
2206,1,1,1,2,1,213,105
2207,4,4,4,4,4,207,105
2208,1,2,2,2,1,62,98
2209,5,5,5,5,5,54,124
2210,3,2,4,4,3,207,91
2211,1,1,2,2,1,213,25
2212,3,3,4,3,3,207,25
2213,2,2,1,1,1,188,25
2214,1,2,1,1,1,163,52
2215,1,2,1,2,1,207,52
2216,1,1,2,1,1,213,52
2217,2,1,2,3,2,54,84
2218,4,5,4,5,4,138,84
2219,2,3,1,1,1,163,84
2220,4,4,5,5,4,62,64
2221,1,1,1,1,1,213,64
2222,2,2,2,3,2,163,37
2223,5,4,4,4,4,62,76
2224,3,3,4,2,3,207,76
2225,1,2,2,1,1,163,123
2226,4,3,4,3,3,62,38
2227,2,1,3,2,2,207,93
2228,4,3,5,3,3,62,114
2229,3,3,3,2,2,207,117
2230,3,3,2,4,3,62,117
2231,1,1,1,1,1,188,117
2232,4,5,5,4,4,163,139
2233,5,5,5,4,4,207,40
2234,4,3,3,5,3,188,59
2235,5,5,4,5,4,54,59
2236,3,3,4,3,3,213,59
2237,2,1,3,3,2,163,143
2238,3,4,3,2,3,138,34
2239,1,1,1,2,1,163,34
2240,1,2,1,1,1,62,34
2241,5,5,4,5,4,188,5
2242,4,5,5,3,4,207,14
2243,2,1,3,2,2,62,14
2244,5,5,5,5,5,163,54
2245,4,3,4,3,3,54,54
2246,4,3,3,3,3,213,10
2247,3,3,2,4,3,163,10
2248,1,2,1,2,1,62,28
2249,1,1,1,2,1,138,28
2250,2,2,1,3,2,188,78
2251,3,2,3,3,2,213,78
2252,4,4,3,5,4,207,78
2253,3,3,2,2,2,188,126
2254,4,5,4,4,4,213,126
2255,3,3,3,4,3,54,126
2256,3,4,3,3,3,138,63
2257,5,5,4,5,4,213,63
2258,3,3,2,2,2,163,71
2259,3,4,2,4,3,62,116
2260,5,4,5,5,4,207,116
2261,4,4,4,5,4,188,39
2262,4,3,3,4,3,188,22
2263,3,2,2,2,2,62,22
2264,1,1,2,2,1,62,29
2265,4,3,4,4,3,138,3
2266,5,5,5,5,5,188,3
2267,2,1,1,2,1,188,70
2268,5,4,5,5,4,62,70
2269,3,4,2,2,2,62,111
2270,3,3,2,2,2,54,111
2271,4,5,5,4,4,188,111
2272,3,4,4,2,3,54,135
2273,5,5,5,5,5,62,145
2274,1,2,1,1,1,207,145
2275,4,3,3,3,3,62,1
2276,1,1,1,1,1,138,35
2277,1,1,1,1,1,213,35
2278,3,3,4,4,3,62,68
2279,1,1,1,1,1,163,48
2280,3,2,2,4,2,188,48
2281,5,5,5,5,5,213,81
2282,4,5,3,4,4,207,81
2283,4,4,5,3,4,54,11
2284,2,1,2,3,2,138,11
2285,2,2,2,2,2,62,148
2286,1,1,1,2,1,207,148
2287,1,1,2,1,1,11,29
2288,3,4,2,3,3,135,29
2289,1,2,2,1,1,84,29
2290,1,1,2,1,1,135,130
2291,4,3,3,3,3,84,130
2292,3,2,2,3,2,11,130
2293,4,3,5,5,4,84,69
2294,1,1,1,1,1,11,69
2295,5,4,5,5,4,135,69
2296,5,4,4,5,4,84,128
2297,3,3,2,3,2,11,109
2298,4,5,5,5,4,135,41
2299,1,1,1,1,1,11,14
2300,2,3,2,3,2,135,99
2301,1,1,1,1,1,84,99
2302,4,3,5,5,4,11,99
2303,3,2,3,2,2,84,104
2304,4,5,5,3,4,135,104
2305,1,2,2,2,1,11,104
2306,2,3,3,1,2,135,11
2307,1,2,1,1,1,84,11
2308,5,5,5,5,5,11,11
2309,2,3,2,3,2,84,15
2310,1,1,2,1,1,135,52
2311,1,2,1,2,1,11,3
2312,3,2,3,4,3,11,53
2313,2,1,2,2,1,84,53
2314,3,2,4,3,3,135,53
2315,2,1,3,3,2,84,143
2316,2,1,2,2,1,11,143
2317,4,4,3,4,3,135,74
2318,3,2,3,2,2,135,132
2319,2,3,1,2,2,84,132
2320,4,3,5,5,4,135,47
2321,5,5,5,4,4,84,65
2322,4,3,4,4,3,11,65
2323,4,4,3,3,3,135,65
2324,1,2,1,1,1,11,79
2325,3,4,4,2,3,135,81
2326,4,5,5,4,4,84,81
2327,5,5,5,4,4,84,131
2328,1,1,2,1,1,84,86
2329,2,2,1,1,1,135,86
2330,2,1,2,2,1,11,86
2331,4,4,3,5,4,135,45
2332,1,1,2,1,1,11,45
2333,5,4,5,4,4,84,45
2334,1,2,1,1,1,11,84
2335,4,5,5,4,4,135,55
2336,3,2,2,4,2,11,55
2337,3,2,3,3,2,84,55
2338,2,3,1,1,1,11,148
2339,4,5,4,3,4,11,119
2340,1,1,1,2,1,84,105
2341,5,4,4,5,4,135,62
2342,5,4,4,4,4,11,62
2343,2,2,1,3,2,84,62
2344,3,3,2,2,2,135,117
2345,5,5,4,4,4,84,117
2346,5,5,5,5,5,11,66
2347,4,4,3,4,3,135,141
2348,2,3,3,1,2,84,138
2349,5,5,5,5,5,11,138
2350,4,4,3,3,3,135,138
2351,5,5,5,5,5,135,116
2352,3,4,2,4,3,11,116
2353,4,4,4,3,3,84,116
2354,4,4,3,3,3,11,103
2355,5,4,5,5,4,84,103
2356,2,3,2,2,2,135,103
2357,4,4,5,4,4,135,118
2358,3,3,4,3,3,11,118
2359,1,1,1,1,1,84,118
2360,1,1,1,1,1,81,135
2361,2,2,3,2,2,204,135
2362,1,1,1,1,1,145,135
2363,4,5,3,3,3,154,110
2364,2,2,3,2,2,81,110
2365,1,1,1,1,1,204,110
2366,2,2,3,1,2,81,58
2367,4,5,4,3,4,145,5
2368,3,3,3,3,3,81,5
2369,1,1,1,1,1,204,128
2370,2,2,1,3,2,145,100
2371,2,1,2,1,1,145,83
2372,2,3,3,1,2,204,68
2373,2,3,1,3,2,204,78
2374,4,5,4,4,4,81,78
2375,2,1,3,1,1,154,78
2376,5,5,5,5,5,81,18
2377,4,5,3,3,3,204,18
2378,4,5,5,5,4,81,145
2379,5,5,5,5,5,204,145
2380,2,3,3,3,2,154,133
2381,2,2,2,2,2,204,133
2382,1,1,1,1,1,145,133
2383,5,5,5,5,5,154,132
2384,3,3,4,2,3,204,27
2385,3,3,2,3,2,145,27
2386,4,5,4,3,4,81,27
2387,2,2,2,3,2,145,143
2388,5,5,4,5,4,154,93
2389,3,2,4,3,3,204,93
2390,3,4,2,4,3,145,93
2391,5,4,5,4,4,145,89
2392,2,2,1,3,2,81,25
2393,1,1,1,1,1,154,25
2394,4,5,4,3,4,145,25
2395,5,5,5,4,4,145,11
2396,2,1,3,2,2,204,11
2397,1,2,2,2,1,154,11
2398,5,5,4,5,4,81,94
2399,3,2,4,3,3,145,94
2400,4,5,3,5,4,204,137
2401,1,1,1,1,1,154,137
2402,5,4,5,4,4,145,137
2403,5,4,4,5,4,204,124
2404,4,3,4,5,4,154,124
2405,2,1,2,3,2,145,124
2406,1,2,2,1,1,145,60
2407,2,2,2,1,1,154,60
2408,1,2,1,1,1,204,60
2409,1,1,1,1,1,145,55
2410,5,5,5,4,4,154,55
2411,3,2,4,2,2,204,106
2412,4,4,5,5,4,81,106
2413,4,5,4,4,4,145,106
2414,2,3,1,3,2,81,101
2415,5,5,5,4,4,154,101
2416,3,4,3,4,3,204,40
2417,4,5,5,3,4,145,121
2418,2,3,3,1,2,154,121
2419,5,5,5,5,5,204,9
2420,5,5,4,4,4,145,9
2421,5,4,5,4,4,81,9
2422,3,3,3,2,2,154,30
2423,4,4,5,5,4,204,30
2424,1,2,1,1,1,145,30
2425,3,4,2,3,3,204,32
2426,5,4,4,4,4,204,50
2427,4,3,4,4,3,81,50
2428,2,2,1,3,2,154,28
2429,4,5,4,5,4,145,28
2430,5,5,5,4,4,81,130
2431,3,2,4,2,2,145,130
2432,5,5,4,4,4,81,123
2433,2,1,2,3,2,154,123
2434,2,3,3,1,2,204,123
2435,3,3,2,4,3,204,107
2436,4,5,3,5,4,145,107
2437,2,2,1,3,2,154,141
2438,2,2,3,2,2,145,4
2439,4,4,5,4,4,204,4
2440,1,2,1,2,1,154,71
2441,2,3,3,2,2,145,71
2442,1,1,1,1,1,81,64
2443,5,4,5,5,4,145,64
2444,5,5,5,5,5,145,24
2445,4,5,4,4,4,204,72
2446,1,1,2,1,1,204,81
2447,2,2,3,3,2,81,120
2448,1,1,1,1,1,154,111
2449,1,1,1,1,1,145,111
2450,4,4,5,5,4,154,51
2451,2,1,2,1,1,81,51
2452,5,5,5,5,5,145,8
2453,5,4,5,5,4,154,8
2454,5,4,5,5,4,81,8
2455,5,5,5,5,5,154,42
2456,1,1,2,2,1,145,42
2457,4,4,4,3,3,145,125
2458,5,4,4,4,4,81,125
2459,5,5,4,5,4,204,125
2460,3,2,2,4,2,81,129
2461,3,2,4,2,2,204,129
2462,3,2,3,3,2,81,75
2463,2,2,2,1,1,154,75
2464,2,1,1,2,1,145,75
2465,5,4,4,5,4,154,122
2466,1,1,1,1,1,145,98
2467,4,5,4,3,4,145,82
2468,2,2,2,2,2,154,117
2469,5,5,4,4,4,81,117
2470,5,5,4,4,4,204,117
2471,5,5,5,4,4,154,36
2472,4,5,3,3,3,204,134
2473,4,3,3,5,3,204,127
2474,5,5,5,5,5,81,127
2475,2,3,1,2,2,145,127
2476,1,1,1,1,1,31,51
2477,5,5,5,5,5,19,51
2478,2,1,2,1,1,19,29
2479,5,4,5,5,4,214,66
2480,4,4,5,5,4,31,66
2481,1,1,1,1,1,185,127
2482,5,5,5,5,5,215,127
2483,1,1,2,2,1,185,78
2484,1,1,1,1,1,19,78
2485,3,2,2,4,2,214,78
2486,1,2,1,1,1,121,84
2487,3,4,4,2,3,141,84
2488,1,1,1,1,1,31,84
2489,1,2,1,1,1,215,72
2490,1,1,1,1,1,124,36
2491,4,5,3,3,3,31,36
2492,5,5,4,5,4,121,36
2493,4,3,3,3,3,124,81
2494,1,1,1,2,1,215,81
2495,5,4,4,4,4,121,81
2496,3,4,2,4,3,215,17
2497,5,5,5,5,5,185,17
2498,1,1,1,1,1,141,109
2499,5,4,4,4,4,19,109
2500,3,2,2,4,2,185,109
2501,1,1,1,2,1,31,49
2502,5,5,5,4,4,141,49
2503,3,4,4,4,3,124,49
2504,3,3,2,4,3,215,77
2505,4,3,5,4,4,214,77
2506,4,3,4,4,3,124,9
2507,3,2,2,3,2,124,115
2508,2,1,1,2,1,121,115
2509,3,3,3,2,2,215,115
2510,4,5,5,5,4,31,76
2511,3,2,4,2,2,141,76
2512,1,2,1,1,1,19,90
2513,2,1,3,1,1,141,90
2514,3,4,2,4,3,215,74
2515,5,5,5,5,5,141,74
2516,3,4,3,3,3,214,74
2517,1,1,1,1,1,141,116
2518,3,4,4,3,3,185,116
2519,1,2,1,1,1,124,116
2520,4,3,4,5,4,19,149
2521,2,1,2,2,1,141,149
2522,4,5,3,4,4,215,149
2523,5,4,4,5,4,214,132
2524,3,2,3,3,2,19,132
2525,1,2,1,2,1,214,44
2526,2,3,1,2,2,185,80
2527,1,2,1,1,1,185,91
2528,5,5,4,5,4,215,91
2529,4,5,3,3,3,141,25
2530,1,1,1,1,1,19,121
2531,2,2,1,3,2,19,30
2532,4,5,3,5,4,31,30
2533,4,3,4,5,4,185,95
2534,5,4,5,5,4,121,95
2535,1,1,1,1,1,141,95
2536,5,4,4,5,4,19,67
2537,3,2,4,4,3,124,67
2538,3,2,4,4,3,215,55
2539,3,4,4,3,3,141,55
2540,4,5,5,3,4,124,55
2541,1,1,1,1,1,19,33
2542,2,3,3,1,2,124,33
2543,2,3,1,2,2,214,70
2544,1,1,1,2,1,31,92
2545,3,4,4,4,3,141,92
2546,5,5,5,5,5,124,43
2547,1,2,1,1,1,185,107
2548,4,5,5,3,4,215,114
2549,3,4,3,2,3,185,114
2550,4,4,5,4,4,214,108
2551,5,4,5,5,4,214,4
2552,2,1,2,2,1,185,4
2553,3,4,2,3,3,124,52
2554,4,3,4,5,4,101,142
2555,1,1,1,1,1,166,9
2556,5,4,4,5,4,67,114
2557,4,3,3,5,3,183,72
2558,3,4,2,4,3,166,148
2559,1,1,1,1,1,183,148
2560,3,3,2,4,3,178,148
2561,2,1,2,3,2,183,17
2562,1,1,1,2,1,94,17
2563,2,1,3,2,2,75,17
2564,2,3,3,3,2,103,46
2565,4,5,5,5,4,178,46
2566,2,3,3,3,2,101,99
2567,3,3,2,4,3,178,99
2568,5,5,5,5,5,183,99
2569,2,1,3,2,2,94,144
2570,1,1,1,2,1,101,144
2571,4,4,3,3,3,93,144
2572,2,3,3,1,2,67,51
2573,1,1,1,1,1,101,51
2574,2,3,2,2,2,183,87
2575,3,4,2,4,3,103,87
2576,3,2,2,3,2,178,100
2577,3,2,3,4,3,166,100
2578,5,5,5,4,4,166,143
2579,2,3,1,3,2,67,143
2580,2,2,1,3,2,93,143
2581,4,5,4,3,4,166,71
2582,2,2,3,1,2,75,137
2583,3,4,2,2,2,101,137
2584,2,3,3,1,2,209,137
2585,3,3,2,2,2,166,128
2586,5,5,4,4,4,183,92
2587,4,5,5,4,4,103,92
2588,3,4,2,4,3,67,92
2589,2,1,2,2,1,67,3
2590,1,1,2,2,1,209,3
2591,1,1,1,1,1,183,115
2592,1,1,1,1,1,67,115
2593,3,3,3,4,3,75,34
2594,1,2,1,1,1,94,136
2595,2,2,2,3,2,75,30
2596,2,1,3,3,2,67,30
2597,1,1,1,1,1,75,55
2598,5,4,5,4,4,94,55
2599,3,3,4,2,3,103,55
2600,1,1,2,1,1,93,118
2601,1,1,2,1,1,166,118
2602,2,3,2,1,2,67,101
2603,2,2,1,1,1,103,63
2604,3,2,4,3,3,75,117
2605,4,3,4,4,3,183,68
2606,1,2,1,2,1,93,68
2607,5,4,4,4,4,209,68
2608,3,3,2,3,2,75,93
2609,2,2,3,3,2,101,93
2610,2,3,2,2,2,209,127
2611,2,2,2,1,1,101,127
2612,3,3,4,2,3,67,127
2613,5,5,5,5,5,93,29
2614,4,4,5,4,4,183,29
2615,3,2,4,2,2,209,29
2616,4,3,5,5,4,103,94
2617,3,4,3,3,3,93,64
2618,3,4,4,3,3,67,35
2619,1,1,1,1,1,166,83
2620,2,3,1,1,1,93,83
2621,1,2,2,1,1,101,83
2622,1,1,1,1,1,209,39
2623,4,3,5,4,4,183,33
2624,1,1,1,1,1,101,33
2625,5,5,5,4,4,101,48
2626,1,1,1,1,1,94,48
2627,5,5,4,5,4,75,22
2628,2,3,2,1,2,103,22
2629,2,3,3,3,2,67,22
2630,3,2,2,4,2,101,24
2631,5,5,5,5,5,103,24
2632,2,3,2,3,2,103,37
2633,4,4,4,5,4,94,149
2634,3,4,2,3,3,178,149
2635,1,1,2,1,1,75,130
2636,2,1,3,1,1,209,103
2637,1,2,2,2,1,94,18
2638,3,4,2,2,2,93,18
2639,2,2,3,2,2,183,18
2640,1,2,2,1,1,209,150
2641,3,4,2,3,3,178,140
2642,1,2,2,2,1,183,140
2643,4,3,5,3,3,94,140
2644,3,2,4,2,2,93,4
2645,2,1,1,1,1,103,4
2646,1,1,1,1,1,75,4
2647,4,5,4,4,4,209,70
2648,2,2,2,2,2,101,70
2649,3,4,3,2,3,94,74
2650,4,5,5,3,4,101,91
2651,3,2,4,2,2,178,91
2652,4,3,3,4,3,103,59
2653,5,5,5,5,5,67,119
2654,4,5,4,4,4,209,119
2655,1,1,1,1,1,209,110
2656,3,2,4,4,3,209,19
2657,4,5,4,5,4,166,19
2658,4,4,3,5,4,183,15
2659,2,1,1,1,1,178,44
2660,3,4,3,3,3,101,44
2661,3,3,3,2,2,178,32
2662,3,3,4,3,3,209,145
2663,4,4,4,4,4,101,145
2664,4,5,3,5,4,183,38
2665,1,2,1,2,1,101,38
2666,4,5,5,4,4,209,78
2667,4,4,3,4,3,75,78
2668,3,3,2,3,2,166,147
2669,4,3,4,4,3,101,147
2670,3,3,3,2,2,75,62
2671,4,4,5,3,4,75,132
2672,1,1,1,2,1,103,132
2673,1,1,1,1,1,67,132
2674,3,3,2,3,2,103,111
2675,4,3,4,4,3,183,77
2676,3,2,4,2,2,166,97
2677,1,2,1,1,1,67,97
2678,3,2,4,3,3,75,97
2679,1,2,1,1,1,67,1
2680,1,1,2,2,1,75,1
2681,2,3,3,2,2,93,1
2682,2,2,2,3,2,75,41
2683,5,5,5,5,5,178,41
2684,5,4,5,5,4,67,40
2685,1,1,1,2,1,209,40
2686,2,2,2,1,1,178,40
2687,4,5,4,4,4,123,7
2688,4,5,5,4,4,169,7
2689,4,3,4,4,3,65,7
2690,4,3,3,5,3,169,120
2691,4,5,3,3,3,65,26
2692,2,2,3,3,2,85,26
2693,4,3,5,4,4,169,119
2694,3,4,2,4,3,162,119
2695,1,1,1,2,1,162,57
2696,4,4,4,5,4,65,57
2697,4,5,4,5,4,169,57
2698,1,1,2,1,1,169,108
2699,4,5,3,5,4,123,108
2700,4,4,4,3,3,169,67
2701,4,4,3,4,3,184,67
2702,2,1,1,1,1,123,53
2703,2,2,3,1,2,184,53
2704,3,2,4,4,3,123,50
2705,5,4,5,4,4,162,50
2706,2,1,3,3,2,85,50
2707,1,2,1,2,1,123,19
2708,5,4,5,5,4,169,19
2709,2,1,1,1,1,184,19
2710,2,1,1,2,1,85,134
2711,3,3,3,4,3,184,123
2712,5,5,5,5,5,184,98
2713,4,4,5,5,4,169,98
2714,2,2,2,3,2,162,63
2715,3,2,2,4,2,85,63
2716,3,4,2,2,2,123,63
2717,4,5,5,5,4,184,150
2718,4,4,3,4,3,184,102
2719,3,4,4,3,3,184,82
2720,3,2,2,2,2,162,82
2721,3,3,4,2,3,184,84
2722,1,2,1,1,1,65,84
2723,1,2,1,1,1,162,84
2724,3,4,3,3,3,169,2
2725,2,2,3,2,2,169,38
2726,4,5,4,4,4,65,38
2727,5,5,5,5,5,123,38
2728,1,2,1,1,1,65,46
2729,2,3,1,1,1,123,46
2730,4,4,3,4,3,169,118
2731,3,4,2,3,3,65,118
2732,2,3,1,1,1,123,77
2733,3,2,2,4,2,65,91
2734,2,1,3,2,2,85,91
2735,4,3,5,4,4,169,91
2736,3,2,2,3,2,184,48
2737,3,3,2,2,2,123,48
2738,3,3,3,2,2,169,48
2739,1,1,1,1,1,162,10
2740,3,4,2,3,3,123,10
2741,5,5,5,5,5,123,121
2742,4,3,3,3,3,162,121
2743,3,2,4,2,2,184,121
2744,2,3,1,1,1,85,31
2745,4,5,4,5,4,184,31
2746,1,1,1,1,1,169,31
2747,4,3,4,3,3,123,87
2748,5,5,5,4,4,169,87
2749,2,3,2,1,2,162,44
2750,4,4,4,5,4,123,44
2751,4,5,3,3,3,65,126
2752,3,3,3,3,3,169,126
2753,3,2,4,3,3,65,147
2754,2,1,1,1,1,184,147
2755,5,4,5,5,4,162,147
2756,2,3,2,1,2,65,81
2757,1,1,1,2,1,162,81
2758,5,5,5,4,4,169,104
2759,5,5,5,4,4,162,136
2760,2,2,1,2,1,123,136
2761,5,5,5,5,5,85,136
2762,2,1,3,3,2,162,17
2763,3,3,2,3,2,169,17
2764,5,5,4,5,4,184,17
2765,5,5,5,5,5,85,109
2766,3,2,3,3,2,65,25
2767,2,2,1,1,1,162,25
2768,3,4,3,4,3,184,25
2769,4,4,3,5,4,85,122
2770,5,5,5,5,5,65,111
2771,2,1,3,2,2,85,111
2772,3,3,2,2,2,123,111
2773,2,2,3,3,2,123,36
2774,3,2,3,4,3,169,36
2775,3,3,4,3,3,184,15
2776,5,4,5,4,4,169,15
2777,3,4,4,4,3,123,15
2778,2,2,1,3,2,169,146
2779,5,5,5,5,5,169,5
2780,3,4,3,2,3,65,5
2781,4,3,4,5,4,169,24
2782,3,3,3,4,3,85,24
2783,2,3,3,2,2,123,24
2784,4,4,4,3,3,169,59
2785,4,3,5,4,4,65,59
2786,4,4,3,3,3,65,3
2787,5,5,5,5,5,169,3
2788,1,2,1,2,1,85,3
2789,4,5,3,4,4,162,12
2790,1,1,2,1,1,123,43
2791,3,2,3,3,2,123,140
2792,3,2,3,4,3,65,70
2793,5,5,5,4,4,162,70
2794,4,4,3,3,3,184,70
2795,3,4,3,2,3,123,133
2796,2,1,1,3,1,123,65
2797,2,1,1,3,1,169,96
2798,2,3,3,3,2,169,116
2799,3,4,2,3,3,65,116
2800,3,2,3,2,2,85,116
2801,4,3,3,3,3,184,52
2802,4,5,5,4,4,123,52
2803,5,5,5,4,4,169,52
2804,2,2,3,3,2,65,4
2805,3,4,4,3,3,85,4
2806,4,5,5,3,4,123,4
2807,1,2,2,2,1,18,47
2808,2,2,3,3,2,41,47
2809,2,2,2,3,2,41,49
2810,5,4,5,5,4,38,120
2811,4,5,5,5,4,18,120
2812,2,2,1,3,2,41,120
2813,1,1,1,1,1,38,20
2814,1,2,1,1,1,41,20
2815,2,2,1,2,1,38,113
2816,3,3,3,3,3,41,113
2817,3,4,2,2,2,18,113
2818,4,5,4,4,4,41,150
2819,4,4,4,5,4,38,150
2820,2,3,3,3,2,38,139
2821,5,5,4,5,4,38,135
2822,5,5,5,5,5,41,44
2823,2,3,1,2,2,38,44
2824,5,5,4,4,4,18,27
2825,3,2,2,4,2,18,45
2826,5,5,5,5,5,41,45
2827,5,4,5,4,4,38,45
2828,1,1,2,1,1,41,146
2829,1,2,1,1,1,18,69
2830,1,2,1,2,1,41,69
2831,5,5,5,5,5,38,69
2832,2,2,1,3,2,38,70
2833,1,1,1,2,1,18,145
2834,4,3,3,5,3,38,145
2835,2,1,2,2,1,41,75
2836,4,5,5,3,4,18,75
2837,2,1,3,1,1,38,38
2838,3,4,4,3,3,18,38
2839,3,3,3,3,3,41,38
2840,3,3,2,3,2,41,88
2841,4,5,3,4,4,41,89
2842,1,1,1,2,1,38,89
2843,4,4,3,3,3,18,89
2844,1,1,1,2,1,41,140
2845,3,3,2,3,2,18,140
2846,2,3,3,2,2,18,138
2847,3,2,2,3,2,18,107
2848,1,1,1,2,1,38,107
2849,4,4,3,3,3,41,107
2850,5,5,5,5,5,38,84
2851,5,5,5,5,5,41,29
2852,5,5,4,5,4,38,29
2853,2,2,2,1,1,18,29
2854,1,1,1,1,1,18,67
2855,2,2,1,2,1,18,1
2856,5,5,5,5,5,41,102
2857,4,5,3,5,4,18,102
2858,1,1,1,1,1,18,16
2859,4,3,3,3,3,41,16
2860,2,2,2,2,2,38,16
2861,3,4,4,2,3,38,119
2862,4,3,5,3,3,18,119
2863,3,4,4,3,3,41,119
2864,4,3,3,3,3,41,48
2865,5,5,5,5,5,18,48
2866,2,2,3,3,2,38,48
2867,5,5,5,5,5,18,94
2868,3,4,2,2,2,38,94
2869,1,2,2,1,1,41,94
2870,1,1,2,1,1,18,12
2871,4,4,4,3,3,38,12
2872,3,2,3,2,2,41,12
2873,4,5,3,4,4,38,149
2874,1,1,1,2,1,41,149
2875,2,2,2,2,2,18,149
2876,3,2,3,2,2,41,83
2877,3,2,2,2,2,18,83
2878,1,1,2,1,1,38,83
2879,5,5,5,5,5,18,51
2880,5,5,4,5,4,38,51
2881,2,2,3,3,2,41,51
2882,2,2,3,3,2,41,97
2883,2,2,2,2,2,18,97
2884,4,3,3,3,3,41,144
2885,5,4,5,5,4,18,144
2886,1,1,1,1,1,41,78
2887,2,3,1,1,1,41,22
2888,2,1,3,3,2,38,22
2889,3,4,3,4,3,78,61
2890,4,3,4,5,4,139,61
2891,3,4,4,4,3,210,134
2892,3,2,2,4,2,139,137
2893,2,3,2,2,2,210,137
2894,5,5,5,5,5,144,129
2895,3,2,3,4,3,210,129
2896,3,3,4,4,3,32,129
2897,2,1,3,2,2,78,38
2898,2,2,2,2,2,139,38
2899,1,1,1,2,1,144,38
2900,4,3,5,5,4,210,39
2901,4,5,3,5,4,139,39
2902,1,1,1,1,1,78,99
2903,3,4,3,4,3,139,99
2904,3,2,3,2,2,210,99
2905,5,4,4,5,4,139,146
2906,4,3,5,4,4,144,146
2907,5,5,5,4,4,32,70
2908,1,2,1,1,1,144,70
2909,1,1,1,1,1,139,70
2910,2,3,1,3,2,144,116
2911,2,3,1,2,2,32,116
2912,1,2,1,1,1,210,116
2913,5,5,5,5,5,210,53
2914,5,5,5,5,5,78,53
2915,1,1,1,1,1,78,75
2916,3,3,4,2,3,210,75
2917,4,3,4,5,4,32,75
2918,2,1,2,2,1,139,138
2919,2,3,1,2,2,32,138
2920,4,4,4,3,3,210,41
2921,2,3,2,3,2,139,41
2922,5,5,5,4,4,144,64
2923,1,1,2,1,1,210,54
2924,5,4,5,5,4,32,54
2925,4,5,4,5,4,139,54
2926,1,1,2,2,1,32,101
2927,2,3,2,3,2,144,135
2928,5,4,5,5,4,210,135
2929,3,2,3,4,3,32,135
2930,5,5,5,5,5,210,6
2931,2,2,2,1,1,144,6
2932,3,3,4,2,3,210,34
2933,4,5,3,3,3,139,34
2934,3,2,4,4,3,32,34
2935,5,4,5,5,4,210,15
2936,5,4,5,5,4,78,127
2937,5,5,5,5,5,144,127
2938,3,4,3,4,3,78,111
2939,5,5,5,5,5,210,111
2940,3,3,4,3,3,32,111
2941,3,3,4,3,3,32,104
2942,5,5,4,5,4,210,104
2943,4,4,3,4,3,139,120
2944,3,4,2,3,3,78,120
2945,4,4,4,4,4,210,18
2946,5,4,4,5,4,32,18
2947,4,3,4,5,4,78,18
2948,4,5,5,5,4,144,37
2949,5,4,5,4,4,210,37
2950,4,5,4,4,4,78,37
2951,1,1,2,2,1,78,10
2952,3,2,3,3,2,210,144
2953,1,1,1,1,1,144,144
2954,5,4,5,5,4,32,100
2955,1,1,1,1,1,144,100
2956,1,1,1,1,1,210,100
2957,3,4,4,2,3,144,124
2958,2,1,2,3,2,210,124
2959,2,3,2,3,2,32,124
2960,1,2,2,1,1,144,22
2961,3,4,2,3,3,78,22
2962,2,3,1,3,2,139,22
2963,4,3,4,3,3,78,66
2964,4,5,5,3,4,139,66
2965,1,1,2,2,1,210,66
2966,4,4,5,4,4,139,102
2967,4,4,3,5,4,210,86
2968,1,2,1,1,1,144,86
2969,4,3,3,5,3,32,86
2970,2,3,1,3,2,78,121
2971,4,4,4,4,4,210,121
2972,1,2,1,1,1,32,121
2973,2,1,3,3,2,210,93
2974,3,3,3,4,3,139,93
2975,5,5,5,5,5,144,93
2976,2,3,1,1,1,210,21
2977,5,5,5,5,5,139,21
2978,3,4,2,2,2,78,21
2979,2,1,3,3,2,78,49
2980,3,2,3,4,3,139,49
2981,1,1,1,1,1,210,49
2982,5,5,5,5,5,210,32
2983,5,5,4,5,4,139,32
2984,3,2,3,3,2,144,32
2985,3,2,4,2,2,139,51
2986,1,2,1,1,1,78,51
2987,3,2,4,4,3,32,51
2988,2,2,2,1,1,139,88
2989,3,2,4,4,3,78,132
2990,1,2,1,1,1,210,132
2991,5,5,5,5,5,144,3
2992,2,3,1,2,2,139,3
2993,1,1,1,2,1,139,96
2994,5,5,5,5,5,210,149
2995,3,3,2,2,2,32,149
2996,5,5,5,5,5,32,7
2997,5,4,4,5,4,210,7
2998,1,1,1,2,1,139,25
2999,3,4,2,4,3,144,25
3000,3,4,4,4,3,32,25
3001,2,1,2,2,1,144,126
3002,5,5,5,4,4,210,126
3003,4,4,3,5,4,78,126
3004,5,5,5,4,4,210,4
3005,4,5,3,5,4,144,29
3006,3,3,4,4,3,210,29
3007,5,4,5,4,4,210,59
3008,1,2,1,1,1,139,59
3009,5,5,5,5,5,210,12
3010,2,3,3,1,2,78,17
3011,5,5,5,4,4,144,17
3012,5,5,5,4,4,32,28
3013,3,2,2,2,2,144,28
3014,5,5,5,5,5,78,115
3015,2,1,1,3,1,32,115
3016,5,5,5,5,5,78,23
3017,3,4,3,3,3,144,23
3018,1,2,1,1,1,32,23
3019,1,1,2,1,1,8,140
3020,3,3,2,3,2,208,140
3021,2,2,3,3,2,7,78
3022,3,3,3,2,2,8,78
3023,5,4,5,4,4,8,42
3024,1,1,2,1,1,208,130
3025,5,5,5,5,5,155,41
3026,5,5,5,4,4,208,112
3027,1,1,1,1,1,171,112
3028,2,3,1,1,1,171,74
3029,3,3,4,3,3,208,74
3030,2,1,3,2,2,7,105
3031,3,2,4,4,3,201,105
3032,1,1,1,1,1,8,27
3033,5,5,5,4,4,201,84
3034,1,1,1,2,1,208,84
3035,5,5,4,5,4,7,84
3036,4,3,4,5,4,208,104
3037,4,3,4,4,3,171,104
3038,4,4,5,3,4,171,49
3039,5,5,5,5,5,201,49
3040,1,2,2,1,1,171,108
3041,2,3,2,1,2,155,108
3042,3,4,4,2,3,201,108
3043,5,5,5,5,5,155,120
3044,3,3,3,3,3,7,120
3045,3,4,4,3,3,171,120
3046,2,3,1,2,2,201,143
3047,4,3,3,5,3,8,143
3048,1,1,2,2,1,208,143
3049,3,2,4,3,3,208,80
3050,4,5,3,5,4,201,11
3051,1,1,1,2,1,208,66
3052,4,4,4,3,3,8,66
3053,3,2,2,4,2,201,44
3054,3,3,2,2,2,208,44
3055,1,2,2,1,1,208,1
3056,1,2,1,1,1,7,1
3057,4,3,5,4,4,171,1
3058,3,4,2,2,2,7,48
3059,3,2,2,3,2,171,48
3060,4,5,3,5,4,8,90
3061,1,1,1,2,1,171,90
3062,2,1,1,1,1,7,90
3063,2,1,3,3,2,171,101
3064,3,2,2,3,2,7,129
3065,4,3,3,5,3,155,129
3066,1,2,2,2,1,171,37
3067,4,5,5,3,4,7,37
3068,4,3,5,5,4,201,37
3069,3,3,4,3,3,208,54
3070,1,1,1,1,1,8,75
3071,2,3,3,2,2,208,75
3072,1,1,1,1,1,201,28
3073,5,5,5,4,4,171,13
3074,3,4,4,4,3,208,13
3075,3,4,2,3,3,8,13
3076,4,3,3,4,3,155,124
3077,4,3,5,5,4,155,32
3078,5,5,5,5,5,7,32
3079,5,5,4,4,4,155,52
3080,4,3,3,4,3,208,77
3081,4,4,4,3,3,7,77
3082,1,2,1,1,1,201,136
3083,1,1,1,1,1,7,136
3084,2,3,3,2,2,171,150
3085,3,4,3,4,3,201,150
3086,1,1,2,2,1,171,22
3087,4,5,3,3,3,208,22
3088,3,2,3,4,3,155,22
3089,5,5,5,4,4,208,137
3090,2,3,3,3,2,155,4
3091,2,2,2,1,1,201,4
3092,4,4,4,4,4,208,4
3093,1,1,1,2,1,7,26
3094,1,1,2,2,1,7,5
3095,4,3,4,3,3,208,5
3096,5,4,5,5,4,8,5
3097,4,5,4,3,4,155,43
3098,5,4,5,5,4,8,43
3099,5,4,5,5,4,208,43
3100,4,3,3,3,3,56,58
3101,3,2,3,2,2,193,94
3102,2,3,2,2,2,142,94
3103,1,2,1,1,1,192,94
3104,5,5,4,5,4,192,80
3105,2,2,3,1,2,56,80
3106,1,1,2,1,1,192,77
3107,3,3,2,4,3,193,109
3108,2,3,3,1,2,56,109
3109,5,5,5,4,4,142,109
3110,5,4,5,5,4,142,26
3111,2,1,3,1,1,77,26
3112,2,2,3,2,2,192,26
3113,3,4,4,4,3,142,150
3114,4,5,4,3,4,192,150
3115,1,1,1,1,1,56,34
3116,5,4,4,5,4,192,34
3117,2,1,1,2,1,193,8
3118,3,2,4,3,3,56,8
3119,1,1,1,1,1,142,3
3120,4,3,5,3,3,77,7
3121,4,5,4,5,4,192,7
3122,4,4,3,4,3,77,25
3123,1,1,1,1,1,56,90
3124,5,4,5,4,4,77,90
3125,1,1,1,1,1,56,4
3126,1,1,2,1,1,142,10
3127,4,4,4,5,4,56,98
3128,5,4,4,5,4,193,126
3129,1,1,1,2,1,56,101
3130,4,3,4,5,4,193,101
3131,5,5,5,4,4,142,101
3132,3,2,2,3,2,77,47
3133,5,4,5,5,4,56,47
3134,4,4,3,5,4,142,47
3135,4,3,5,4,4,142,71
3136,2,2,3,3,2,193,71
3137,1,1,2,2,1,77,71
3138,5,5,5,4,4,142,87
3139,3,3,3,2,2,193,87
3140,2,1,3,3,2,56,87
3141,1,2,1,1,1,142,142
3142,1,1,1,2,1,56,142
3143,4,4,5,4,4,142,48
3144,2,3,3,1,2,192,48
3145,5,5,5,5,5,56,48
3146,4,5,3,4,4,142,30
3147,3,4,3,2,3,56,30
3148,1,2,2,1,1,142,49
3149,1,1,1,1,1,77,49
3150,4,3,5,5,4,77,144
3151,1,2,1,2,1,56,144
3152,1,1,1,2,1,56,86
3153,2,3,2,3,2,77,86
3154,5,5,5,5,5,77,41
3155,3,3,4,4,3,192,41
3156,1,1,1,1,1,77,40
3157,5,5,5,4,4,193,88
3158,2,2,2,1,1,56,88
3159,1,1,1,1,1,77,114
3160,1,1,1,1,1,192,114
3161,5,4,4,5,4,77,85
3162,4,3,5,4,4,77,23
3163,3,3,4,2,3,193,23
3164,2,1,2,2,1,192,23
3165,1,1,1,2,1,56,96
3166,1,1,1,2,1,142,5
3167,5,5,4,5,4,77,120
3168,5,5,5,5,5,142,140
3169,2,2,1,1,1,56,140
3170,4,3,4,5,4,56,103
3171,2,3,2,1,2,193,103
3172,1,1,1,2,1,56,148
3173,2,2,1,3,2,192,136
3174,3,4,2,3,3,56,136
3175,1,2,1,1,1,77,149
3176,3,3,2,3,2,56,149
3177,2,1,2,3,2,193,149
3178,5,5,5,4,4,77,73
3179,1,2,2,2,1,193,73
3180,5,5,5,4,4,77,12
3181,2,2,1,2,1,142,12
3182,1,2,2,1,1,192,12
3183,1,1,2,1,1,192,138
3184,3,2,3,2,2,56,138
3185,4,3,3,4,3,77,138
3186,4,3,5,5,4,192,19
3187,2,1,2,3,2,193,19
3188,3,2,2,2,2,142,19
3189,4,5,4,5,4,56,91
3190,2,2,2,2,2,192,91
3191,1,1,1,1,1,142,123
3192,4,4,4,5,4,193,123
3193,3,2,3,3,2,77,123
3194,1,1,1,2,1,220,128
3195,3,4,4,4,3,150,129
3196,4,5,4,3,4,220,68
3197,3,3,4,4,3,5,68
3198,5,5,5,4,4,47,68
3199,2,2,1,1,1,177,10
3200,5,5,4,5,4,170,10
3201,4,4,4,5,4,179,10
3202,2,2,1,2,1,177,42
3203,1,1,1,1,1,150,42
3204,3,3,4,2,3,220,42
3205,2,3,3,2,2,177,79
3206,2,1,1,2,1,220,79
3207,5,4,4,4,4,5,79
3208,2,2,2,2,2,220,137
3209,1,1,1,1,1,220,55
3210,5,4,4,5,4,179,118
3211,2,1,2,2,1,179,13
3212,4,4,5,5,4,150,13
3213,2,3,3,1,2,47,123
3214,3,4,4,3,3,170,21
3215,1,1,2,1,1,150,21
3216,2,1,3,3,2,150,135
3217,1,1,2,2,1,177,135
3218,3,2,4,2,2,47,135
3219,3,3,3,3,3,5,32
3220,2,2,1,1,1,179,32
3221,1,1,2,2,1,177,32
3222,2,2,3,1,2,177,141
3223,1,2,2,1,1,220,141
3224,3,4,4,3,3,47,139
3225,3,4,3,2,3,150,139
3226,5,5,5,4,4,177,127
3227,1,1,2,1,1,47,96
3228,4,3,4,4,3,220,96
3229,4,4,5,3,4,150,102
3230,1,1,2,2,1,220,48
3231,4,3,4,4,3,170,48
3232,5,5,4,5,4,170,83
3233,2,3,2,3,2,179,83
3234,4,3,4,4,3,179,91
3235,4,5,4,4,4,5,91
3236,1,2,2,1,1,220,91
3237,1,2,2,2,1,179,82
3238,1,1,1,2,1,47,82
3239,5,4,5,4,4,5,82
3240,5,5,4,5,4,177,132
3241,5,5,5,5,5,5,132
3242,5,5,4,5,4,170,132
3243,5,5,5,5,5,150,8
3244,5,4,5,4,4,5,98
3245,1,1,2,1,1,177,19
3246,4,3,3,3,3,177,109
3247,2,2,3,2,2,47,89
3248,4,4,3,4,3,179,89
3249,3,2,4,3,3,150,3
3250,3,4,4,4,3,47,3
3251,3,2,4,2,2,220,3
3252,3,4,3,4,3,170,11
3253,4,3,4,5,4,5,44
3254,2,3,3,1,2,47,44
3255,4,3,3,4,3,150,74
3256,4,4,3,3,3,179,74
3257,3,2,3,2,2,220,74
3258,3,2,4,4,3,177,15
3259,1,1,2,2,1,5,15
3260,4,5,3,4,4,177,52
3261,2,3,1,2,2,150,52
3262,3,4,4,4,3,179,90
3263,5,4,4,4,4,150,90
3264,5,5,5,4,4,170,90
3265,5,5,5,5,5,177,16
3266,5,4,4,5,4,47,16
3267,4,5,4,3,4,220,7
3268,3,4,3,3,3,170,7
3269,4,4,5,3,4,179,112
3270,5,5,4,4,4,170,112
3271,3,4,2,4,3,179,69
3272,4,5,3,4,4,150,69
3273,2,3,1,3,2,170,69
3274,2,1,2,2,1,170,77
3275,3,2,4,4,3,220,103
3276,5,5,5,5,5,5,103
3277,1,1,1,1,1,150,103
3278,3,4,4,4,3,179,56
3279,4,5,3,5,4,47,56
3280,3,3,4,4,3,170,88
3281,5,5,5,4,4,5,101
3282,1,2,1,2,1,47,101
3283,2,2,1,1,1,47,70
3284,1,1,1,2,1,179,104
3285,3,2,4,3,3,47,34
3286,2,1,1,1,1,5,34
3287,2,3,1,1,1,170,34
3288,5,4,4,5,4,47,24
3289,5,4,5,5,4,179,24
3290,3,4,4,4,3,170,24
3291,1,1,1,1,1,5,81
3292,5,5,5,5,5,220,81
3293,1,2,2,1,1,170,18
3294,1,1,1,1,1,220,18
3295,2,1,3,1,1,177,18
3296,3,2,4,3,3,170,25
3297,5,5,5,5,5,220,25
3298,4,4,4,5,4,179,100
3299,5,4,4,5,4,179,93
3300,5,4,5,5,4,220,93
3301,4,3,5,4,4,47,93
3302,4,4,3,4,3,179,54
3303,4,5,4,5,4,177,54
3304,2,1,3,2,2,179,143
3305,5,4,4,5,4,150,143
3306,5,5,4,5,4,5,143
3307,3,3,4,2,3,177,73
3308,2,3,1,1,1,5,73
3309,1,2,2,1,1,177,37
3310,3,2,4,2,2,47,37
3311,4,4,3,5,4,47,150
3312,5,5,5,5,5,150,150
3313,5,5,5,5,5,177,12
3314,3,2,4,2,2,47,12
3315,4,3,5,5,4,5,39
3316,4,5,5,4,4,47,39
3317,5,5,5,5,5,177,47
3318,4,4,4,5,4,177,49
3319,4,5,3,4,4,47,49
3320,4,3,4,5,4,179,49
3321,5,5,5,5,5,5,72
3322,4,3,4,5,4,47,72
3323,2,3,3,3,2,220,72
3324,3,3,2,3,2,5,85
3325,1,1,1,1,1,220,85
3326,3,3,4,3,3,5,1
3327,2,2,3,2,2,47,1
3328,2,3,2,2,2,179,133
3329,4,4,3,4,3,170,133
3330,2,1,2,3,2,177,133
3331,5,5,5,5,5,177,59
3332,4,4,3,4,3,150,59
3333,4,5,3,3,3,177,147
3334,4,3,3,4,3,170,147
3335,3,4,4,4,3,179,45
3336,4,4,4,3,3,220,45
3337,4,4,5,5,4,179,125
3338,4,3,5,3,3,47,125
3339,5,4,5,5,4,177,125
3340,3,2,3,4,3,170,140
3341,4,4,3,3,3,90,24
3342,1,1,1,2,1,153,24
3343,2,1,2,2,1,96,24
3344,5,4,5,5,4,1,34
3345,4,4,4,4,4,153,140
3346,2,3,1,2,2,90,140
3347,1,1,2,2,1,96,140
3348,2,1,2,3,2,153,50
3349,2,2,1,3,2,96,50
3350,2,2,3,2,2,1,50
3351,1,2,1,1,1,1,37
3352,2,3,1,1,1,153,37
3353,2,3,3,1,2,153,101
3354,5,5,5,4,4,96,101
3355,1,1,2,1,1,90,101
3356,3,2,2,2,2,1,5
3357,5,5,5,4,4,96,5
3358,3,4,4,2,3,153,5
3359,2,1,2,3,2,90,111
3360,3,4,4,3,3,96,60
3361,3,3,2,3,2,90,60
3362,2,1,2,2,1,1,60
3363,2,1,2,1,1,1,17
3364,1,2,1,2,1,153,17
3365,2,3,1,2,2,96,17
3366,3,4,2,2,2,1,29
3367,5,4,5,5,4,1,114
3368,2,3,1,1,1,153,114
3369,4,3,4,5,4,153,18
3370,2,1,3,2,2,90,56
3371,3,2,3,4,3,1,56
3372,1,1,1,1,1,96,56
3373,1,1,2,1,1,153,78
3374,5,5,5,5,5,90,78
3375,1,2,2,1,1,96,78
3376,2,3,1,1,1,153,7
3377,1,1,2,1,1,96,7
3378,1,1,1,1,1,90,7
3379,3,4,3,4,3,153,93
3380,4,4,3,3,3,1,93
3381,3,4,2,4,3,96,148
3382,4,3,3,5,3,153,38
3383,2,3,3,1,2,1,38
3384,1,1,1,2,1,1,129
3385,1,1,1,2,1,90,129
3386,3,3,2,2,2,153,47
3387,1,1,1,2,1,96,67
3388,4,3,4,5,4,90,67
3389,3,4,3,2,3,1,102
3390,1,1,1,1,1,153,28
3391,4,5,4,3,4,90,28
3392,1,2,2,1,1,1,28
3393,5,5,5,4,4,153,72
3394,4,5,5,4,4,153,66
3395,4,3,5,5,4,96,66
3396,4,3,5,3,3,1,66
3397,3,4,2,2,2,90,89
3398,3,4,4,4,3,96,109
3399,5,5,4,4,4,90,139
3400,2,1,3,3,2,1,80
3401,5,5,5,4,4,96,3
3402,2,1,2,1,1,1,113
3403,4,4,4,3,3,153,77
3404,5,4,5,4,4,1,79
3405,2,3,3,3,2,90,79
3406,4,4,5,5,4,96,79
3407,5,5,5,4,4,96,115
3408,1,2,1,1,1,96,43
3409,2,1,2,3,2,96,104
3410,5,4,5,4,4,153,104
3411,2,3,3,3,2,153,85
3412,3,4,4,4,3,1,119
3413,3,3,2,2,2,153,119
3414,2,1,3,1,1,96,119
3415,4,3,5,5,4,1,26
3416,3,3,4,2,3,96,26
3417,1,1,2,1,1,90,26
3418,5,5,4,4,4,96,69
3419,4,5,5,4,4,90,87
3420,1,1,2,2,1,1,87
3421,2,1,2,2,1,153,137
3422,3,3,3,3,3,153,103
3423,4,5,5,4,4,1,103
3424,4,4,5,3,4,90,103
3425,2,1,2,3,2,96,14
3426,1,1,1,1,1,153,14
3427,2,1,2,1,1,90,14
3428,2,2,1,2,1,26,77
3429,3,3,2,2,2,217,77
3430,1,2,1,1,1,217,41
3431,1,1,1,2,1,217,67
3432,2,3,2,3,2,26,67
3433,5,5,5,5,5,26,106
3434,1,1,2,2,1,106,106
3435,4,3,3,5,3,59,78
3436,3,3,2,3,2,112,112
3437,3,3,2,2,2,106,112
3438,5,4,5,5,4,59,112
3439,3,4,3,2,3,26,137
3440,2,1,3,1,1,106,137
3441,1,1,2,2,1,112,137
3442,2,3,3,3,2,112,116
3443,3,4,2,3,3,26,116
3444,5,5,5,5,5,106,138
3445,3,3,2,4,3,112,138
3446,2,2,1,3,2,59,131
3447,5,5,5,5,5,112,66
3448,5,5,5,4,4,26,5
3449,2,1,1,1,1,106,19
3450,3,4,4,2,3,26,19
3451,2,2,1,1,1,217,1
3452,4,3,3,3,3,59,1
3453,5,5,4,5,4,112,1
3454,4,5,3,5,4,26,14
3455,5,5,4,5,4,59,14
3456,4,5,3,4,4,106,14
3457,5,4,5,4,4,26,42
3458,3,4,3,2,3,59,42
3459,5,5,5,5,5,217,87
3460,5,5,4,4,4,112,88
3461,4,4,5,5,4,112,45
3462,5,5,4,5,4,26,45
3463,3,3,2,4,3,26,35
3464,3,2,3,3,2,59,35
3465,3,2,3,3,2,59,142
3466,5,4,5,4,4,106,142
3467,1,2,1,1,1,106,113
3468,3,2,4,2,2,112,113
3469,5,5,5,5,5,59,113
3470,5,5,5,5,5,106,101
3471,5,5,5,5,5,112,101
3472,5,5,4,4,4,26,101
3473,1,1,1,1,1,112,59
3474,1,1,2,1,1,217,59
3475,3,2,3,2,2,26,59
3476,1,2,1,2,1,217,89
3477,5,5,5,4,4,217,133
3478,2,3,3,1,2,106,26
3479,1,1,1,2,1,112,26
3480,5,5,5,5,5,26,26
3481,5,4,5,5,4,112,64
3482,5,5,5,5,5,26,64
3483,5,4,5,4,4,106,62
3484,1,1,1,2,1,26,62
3485,3,4,4,3,3,26,61
3486,1,1,1,1,1,217,61
3487,4,3,4,3,3,217,81
3488,1,2,2,1,1,59,81
3489,4,5,4,5,4,217,29
3490,5,4,5,5,4,26,29
3491,1,2,1,1,1,112,29
3492,5,5,5,4,4,112,52
3493,1,2,1,1,1,217,52
3494,1,1,1,1,1,26,55
3495,5,5,4,5,4,106,53
3496,1,2,2,1,1,217,128
3497,3,4,3,2,3,106,128
3498,4,3,3,4,3,26,128
3499,5,4,4,5,4,59,63
3500,2,2,3,2,2,106,63
3501,4,3,4,5,4,26,63
3502,5,4,5,4,4,26,110
3503,4,5,4,4,4,217,125
3504,2,3,2,3,2,59,36
3505,1,1,2,1,1,217,36
3506,2,1,1,2,1,217,8
3507,1,2,2,2,1,112,8
3508,3,4,2,2,2,106,73
3509,5,5,4,4,4,112,73
3510,5,5,5,5,5,217,73
3511,5,4,5,4,4,112,132
3512,5,5,4,5,4,26,147
3513,3,3,3,4,3,112,147
3514,4,5,3,3,3,112,126
3515,2,2,1,3,2,217,126
3516,2,3,3,2,2,106,130
3517,1,1,1,1,1,59,130
3518,5,5,4,5,4,112,21
3519,3,3,2,2,2,59,21
3520,1,2,1,2,1,147,131
3521,2,1,1,3,1,219,131
3522,5,5,5,4,4,99,47
3523,2,1,2,1,1,152,84
3524,2,1,2,2,1,147,136
3525,1,1,2,2,1,199,30
3526,1,2,2,1,1,174,30
3527,3,4,3,4,3,83,120
3528,1,2,2,1,1,53,120
3529,5,5,5,4,4,199,23
3530,3,4,2,3,3,219,23
3531,4,3,5,5,4,29,23
3532,1,1,1,2,1,174,9
3533,1,1,2,2,1,82,9
3534,4,5,4,3,4,83,9
3535,2,2,2,1,1,219,92
3536,3,2,3,3,2,53,92
3537,2,2,2,3,2,152,92
3538,2,3,3,1,2,219,80
3539,1,1,1,1,1,147,80
3540,4,5,4,3,4,53,112
3541,2,1,2,1,1,199,112
3542,3,2,4,4,3,29,132
3543,2,3,2,1,2,147,146
3544,1,2,2,2,1,53,146
3545,3,3,3,3,3,199,100
3546,1,1,1,1,1,29,100
3547,5,5,5,5,5,174,51
3548,4,5,4,3,4,53,51
3549,2,2,1,2,1,29,128
3550,3,3,4,3,3,29,122
3551,3,4,2,4,3,152,122
3552,1,1,1,1,1,199,122
3553,5,5,5,4,4,82,25
3554,4,5,3,5,4,152,49
3555,1,1,1,1,1,147,125
3556,5,4,5,5,4,83,125
3557,4,3,3,4,3,219,125
3558,5,5,5,4,4,174,14
3559,3,2,4,4,3,152,14
3560,5,5,4,4,4,147,14
3561,5,5,5,5,5,199,69
3562,5,4,5,5,4,199,48
3563,4,4,4,5,4,29,48
3564,5,4,4,5,4,29,141
3565,1,1,1,1,1,83,141
3566,2,2,1,1,1,53,50
3567,4,4,3,5,4,174,50
3568,2,2,3,3,2,147,52
3569,4,4,5,4,4,152,52
3570,4,3,5,5,4,174,52
3571,3,4,2,3,3,147,6
3572,1,1,1,1,1,83,103
3573,4,5,3,3,3,53,142
3574,2,1,2,3,2,174,142
3575,2,3,1,2,2,82,142
3576,5,4,5,5,4,53,34
3577,3,2,3,4,3,29,34
3578,2,3,3,2,2,219,111
3579,1,1,1,1,1,147,32
3580,3,3,4,3,3,29,32
3581,5,4,5,4,4,53,32
3582,1,1,1,1,1,83,145
3583,3,3,3,4,3,219,147
3584,3,3,3,2,2,53,147
3585,3,4,4,4,3,82,40
3586,4,3,3,5,3,83,40
3587,4,5,4,4,4,82,70
3588,2,3,2,2,2,174,70
3589,5,4,5,5,4,219,82
3590,2,3,2,1,2,99,124
3591,2,1,1,3,1,199,124
3592,5,5,5,5,5,29,106
3593,4,5,4,3,4,53,55
3594,2,2,1,1,1,83,45
3595,5,5,5,5,5,99,45
3596,1,1,1,1,1,29,87
3597,4,5,4,3,4,99,87
3598,1,1,1,1,1,219,87
3599,1,1,1,1,1,53,1
3600,4,4,4,4,4,219,1
3601,5,5,4,5,4,174,1
3602,3,3,3,4,3,53,86
3603,1,1,1,1,1,53,129
3604,5,5,4,5,4,29,129
3605,2,2,2,3,2,147,129
3606,2,2,3,3,2,29,20
3607,1,1,2,1,1,147,20
3608,5,4,4,5,4,53,20
3609,2,1,1,2,1,219,135
3610,4,5,5,4,4,199,135
3611,4,4,4,3,3,53,135
3612,4,5,4,3,4,174,66
3613,2,1,3,3,2,199,66
3614,2,2,3,1,2,53,75
3615,2,1,2,2,1,82,91
3616,5,5,4,4,4,99,91
3617,2,1,1,3,1,53,88
3618,5,5,5,5,5,99,88
3619,5,4,5,5,4,174,88
3620,2,2,2,1,1,152,95
3621,5,5,5,5,5,82,95
3622,4,3,5,4,4,147,95
3623,4,5,5,5,4,53,17
3624,3,4,4,2,3,152,17
3625,2,2,3,2,2,219,17
3626,2,3,1,2,2,199,26
3627,4,5,4,4,4,147,118
3628,1,1,1,1,1,174,118
3629,4,5,5,4,4,99,118
3630,5,5,5,4,4,174,93
3631,5,5,4,5,4,199,93
3632,5,4,4,4,4,152,93
3633,4,3,4,4,3,152,77
3634,4,5,3,4,4,152,22
3635,5,4,4,5,4,199,22
3636,1,1,1,1,1,174,22
3637,4,4,5,4,4,199,42
3638,2,1,2,2,1,182,130
3639,3,3,2,4,3,22,130
3640,2,1,3,3,2,176,130
3641,2,1,2,1,1,71,86
3642,3,3,4,3,3,176,86
3643,4,3,3,3,3,167,86
3644,2,1,2,3,2,97,109
3645,1,1,1,1,1,182,96
3646,2,2,1,3,2,116,96
3647,5,4,5,4,4,91,104
3648,5,5,4,5,4,22,104
3649,5,5,5,5,5,71,104
3650,2,3,1,2,2,167,50
3651,4,5,3,4,4,116,50
3652,2,3,3,3,2,22,61
3653,4,5,4,5,4,116,61
3654,4,5,4,3,4,71,61
3655,2,1,3,2,2,97,128
3656,1,2,1,1,1,182,128
3657,1,1,1,1,1,22,68
3658,2,3,2,2,2,167,68
3659,2,2,3,2,2,182,22
3660,4,3,4,4,3,167,22
3661,2,2,1,1,1,116,39
3662,2,1,2,3,2,176,105
3663,1,1,1,1,1,91,88
3664,3,2,4,2,2,91,141
3665,5,5,5,4,4,71,141
3666,1,2,1,1,1,97,141
3667,2,1,2,1,1,97,120
3668,5,5,4,4,4,91,150
3669,4,3,4,3,3,182,150
3670,1,2,1,1,1,116,12
3671,5,5,4,4,4,182,15
3672,1,1,2,1,1,22,15
3673,5,5,4,5,4,71,15
3674,4,4,3,3,3,167,5
3675,1,1,1,1,1,91,142
3676,1,2,1,2,1,167,142
3677,3,2,2,4,2,97,142
3678,1,1,1,1,1,167,41
3679,1,1,2,1,1,116,101
3680,5,5,4,5,4,116,10
3681,3,4,3,4,3,176,10
3682,5,5,4,5,4,22,10
3683,5,4,5,4,4,22,121
3684,1,2,1,1,1,182,121
3685,2,1,2,3,2,176,36
3686,4,3,4,4,3,116,36
3687,1,1,1,1,1,182,69
3688,5,5,4,5,4,116,69
3689,3,3,2,3,2,22,100
3690,4,3,3,5,3,71,132
3691,4,4,4,5,4,176,111
3692,1,2,1,1,1,71,111
3693,4,5,3,5,4,176,119
3694,2,2,3,3,2,116,119
3695,4,4,5,4,4,167,119
3696,4,5,4,4,4,91,53
3697,4,4,5,4,4,176,53
3698,2,2,3,1,2,167,53
3699,2,2,1,1,1,182,85
3700,5,4,4,5,4,97,85
3701,2,1,3,1,1,71,85
3702,3,4,3,4,3,97,18
3703,3,4,4,4,3,116,18
3704,1,1,1,1,1,176,59
3705,1,2,1,2,1,91,59
3706,5,4,4,5,4,22,80
3707,1,1,1,1,1,71,80
3708,2,3,3,2,2,167,80
3709,5,5,4,5,4,176,94
3710,1,1,1,1,1,71,94
3711,2,1,1,1,1,97,94
3712,1,2,2,1,1,91,26
3713,4,3,3,4,3,22,45
3714,2,1,2,1,1,71,45
3715,2,3,3,3,2,91,11
3716,5,5,4,5,4,176,11
3717,2,1,1,3,1,176,46
3718,5,4,5,5,4,116,46
3719,2,3,3,3,2,182,112
3720,3,4,4,4,3,176,112
3721,3,3,4,4,3,182,29
3722,5,5,5,4,4,22,116
3723,1,2,2,2,1,91,116
3724,1,2,1,1,1,97,116
3725,2,2,2,3,2,22,79
3726,2,2,2,3,2,176,55
3727,3,2,4,4,3,116,55
3728,5,5,4,5,4,22,55
3729,3,3,2,3,2,167,74
3730,5,5,5,5,5,116,74
3731,2,2,1,3,2,182,137
3732,1,1,1,1,1,91,87
3733,1,1,1,2,1,71,87
3734,2,1,2,1,1,116,58
3735,2,3,2,1,2,167,148
3736,2,3,1,2,2,116,63
3737,5,5,4,5,4,97,63
3738,5,5,5,4,4,176,63
3739,5,5,5,5,5,71,71
3740,5,5,5,5,5,182,103
3741,1,1,1,1,1,116,103
3742,5,5,5,4,4,71,103
3743,1,2,2,1,1,95,39
3744,3,3,4,2,3,119,14
3745,2,2,1,3,2,126,14
3746,5,5,4,4,4,74,14
3747,5,4,5,4,4,118,89
3748,2,2,1,1,1,15,89
3749,5,5,5,5,5,95,89
3750,3,4,4,3,3,74,136
3751,2,1,3,2,2,119,104
3752,2,2,1,1,1,118,130
3753,2,3,1,1,1,129,130
3754,3,4,2,3,3,119,130
3755,4,3,4,3,3,118,131
3756,2,3,1,3,2,119,131
3757,5,5,5,5,5,15,135
3758,3,4,3,3,3,118,135
3759,5,5,5,5,5,126,135
3760,1,2,2,1,1,74,20
3761,4,4,4,5,4,15,128
3762,5,5,5,5,5,20,128
3763,3,3,4,3,3,129,140
3764,5,5,4,4,4,20,140
3765,2,1,2,2,1,126,90
3766,4,5,4,4,4,15,90
3767,5,5,5,5,5,15,91
3768,4,4,3,3,3,126,40
3769,5,5,5,5,5,20,40
3770,3,4,4,2,3,95,40
3771,2,1,1,3,1,95,99
3772,3,4,4,4,3,20,105
3773,5,4,4,5,4,129,105
3774,4,3,4,5,4,74,105
3775,1,1,2,2,1,118,119
3776,2,2,1,2,1,95,55
3777,2,1,1,1,1,118,55
3778,5,4,5,5,4,129,123
3779,1,1,2,2,1,119,123
3780,4,3,5,5,4,95,123
3781,2,1,1,3,1,74,58
3782,5,5,5,4,4,95,58
3783,4,3,5,3,3,95,114
3784,2,3,3,1,2,15,114
3785,5,4,5,4,4,126,114
3786,3,3,2,2,2,129,65
3787,2,3,3,3,2,95,65
3788,2,3,2,3,2,15,68
3789,4,3,5,3,3,95,68
3790,5,4,4,5,4,119,68
3791,1,2,2,1,1,20,22
3792,4,3,4,4,3,126,22
3793,2,3,2,1,2,126,96
3794,2,1,3,3,2,129,96
3795,2,2,3,1,2,15,96
3796,4,5,3,3,3,20,42
3797,2,1,1,2,1,118,42
3798,5,4,5,4,4,95,5
3799,4,4,4,4,4,20,5
3800,2,2,1,3,2,15,5
3801,4,5,5,4,4,126,28
3802,2,3,1,3,2,74,8
3803,5,5,5,5,5,129,87
3804,1,1,1,1,1,74,3
3805,5,5,4,5,4,74,62
3806,5,4,4,4,4,126,62
3807,4,5,5,4,4,95,62
3808,4,5,5,5,4,119,124
3809,3,3,2,4,3,20,124
3810,4,5,3,5,4,95,124
3811,1,2,1,2,1,20,121
3812,4,3,5,4,4,74,121
3813,4,3,5,3,3,20,24
3814,5,4,5,4,4,74,24
3815,1,2,1,1,1,95,24
3816,5,5,5,5,5,126,126
3817,1,1,2,1,1,15,36
3818,1,1,2,2,1,126,36
3819,3,4,3,2,3,95,36
3820,3,2,4,4,3,129,120
3821,1,1,2,1,1,20,66
3822,5,5,5,5,5,118,81
3823,3,3,4,4,3,119,81
3824,5,5,4,5,4,15,81
3825,3,3,4,3,3,119,150
3826,5,5,5,5,5,74,150
3827,2,1,3,2,2,20,150
3828,3,3,3,4,3,74,86
3829,2,3,2,2,2,126,86
3830,2,2,1,3,2,129,78
3831,3,4,2,4,3,15,78
3832,3,2,3,2,2,119,78
3833,1,1,1,1,1,118,9
3834,1,1,1,1,1,20,9
3835,5,4,4,5,4,74,9
3836,3,4,4,2,3,95,137
3837,2,1,1,3,1,129,137
3838,5,5,5,4,4,74,137
3839,5,5,4,4,4,15,115
3840,3,4,3,4,3,20,115
3841,1,1,2,1,1,74,115
3842,2,3,2,3,2,20,117
3843,2,1,3,3,2,126,117
3844,1,2,1,1,1,126,12
3845,2,2,1,3,2,20,12
3846,4,4,4,3,3,74,12
3847,2,1,3,2,2,129,74
3848,2,1,3,1,1,74,74
3849,2,1,3,2,2,119,74
3850,1,1,2,2,1,118,116
3851,2,1,2,3,2,74,116
3852,1,1,1,1,1,129,116
3853,1,1,1,2,1,119,106
3854,5,5,5,4,4,118,106
3855,3,2,3,3,2,118,143
3856,1,2,1,1,1,119,143
3857,5,5,5,4,4,20,143
3858,4,4,5,3,4,15,101
3859,1,2,1,2,1,74,129
3860,3,2,2,2,2,20,129
3861,4,5,3,5,4,15,129
3862,5,5,5,5,5,129,10
3863,4,4,3,5,4,129,144
3864,4,3,4,5,4,15,144
3865,4,4,3,5,4,95,145
3866,5,4,4,5,4,129,145
3867,1,2,1,1,1,15,145
3868,5,5,5,4,4,15,75
3869,2,1,1,2,1,118,75
3870,5,4,5,5,4,129,32
3871,5,4,5,5,4,15,32
3872,4,4,4,4,4,20,32
3873,3,3,2,2,2,129,94
3874,5,5,5,4,4,118,94
3875,4,4,3,4,3,95,63
3876,1,2,2,1,1,129,63
3877,5,4,5,5,4,126,73
3878,2,3,1,3,2,119,88
3879,3,3,2,3,2,20,88
3880,4,5,4,5,4,15,88
3881,1,2,1,1,1,27,146
3882,5,5,5,5,5,104,29
3883,3,3,4,2,3,104,139
3884,5,5,4,4,4,88,126
3885,3,2,2,2,2,27,126
3886,5,5,4,5,4,4,126
3887,4,5,5,3,4,109,50
3888,3,4,2,4,3,27,44
3889,3,2,3,4,3,109,44
3890,2,1,2,3,2,104,44
3891,3,2,2,2,2,109,128
3892,3,4,4,3,3,88,67
3893,1,1,1,1,1,12,67
3894,1,2,1,1,1,108,89
3895,1,1,1,1,1,109,89
3896,2,1,2,3,2,49,89
3897,3,2,2,2,2,104,19
3898,4,3,5,3,3,88,19
3899,2,3,2,3,2,12,19
3900,3,2,4,3,3,109,21
3901,5,5,5,5,5,27,21
3902,5,5,5,4,4,108,21
3903,1,2,1,2,1,12,88
3904,5,4,5,5,4,109,88
3905,2,2,2,3,2,109,57
3906,1,1,1,2,1,27,57
3907,4,5,5,4,4,108,15
3908,3,2,3,4,3,4,18
3909,3,4,3,3,3,4,116
3910,3,2,2,3,2,49,116
3911,4,4,5,3,4,4,51
3912,2,1,2,1,1,108,51
3913,4,4,3,4,3,27,51
3914,3,4,4,4,3,109,99
3915,2,3,2,3,2,49,99
3916,3,4,2,4,3,12,99
3917,1,2,2,2,1,88,3
3918,2,1,2,3,2,27,3
3919,3,4,3,3,3,49,131
3920,4,4,3,4,3,4,131
3921,5,5,4,5,4,49,46
3922,3,3,2,2,2,108,46
3923,5,5,5,5,5,27,46
3924,3,4,4,2,3,4,105
3925,3,3,3,4,3,27,105
3926,5,4,5,5,4,108,111
3927,1,1,1,2,1,109,111
3928,1,2,2,2,1,109,134
3929,4,3,4,4,3,108,81
3930,3,3,2,3,2,4,81
3931,5,4,5,5,4,12,37
3932,1,1,1,1,1,4,37
3933,5,5,5,4,4,27,37
3934,1,1,1,2,1,27,26
3935,5,5,5,4,4,12,26
3936,1,2,1,1,1,4,26
3937,3,4,4,2,3,27,140
3938,3,2,3,4,3,88,140
3939,3,4,2,3,3,109,54
3940,1,2,1,1,1,12,54
3941,5,5,5,5,5,108,54
3942,2,1,2,3,2,27,107
3943,4,4,3,5,4,104,107
3944,1,2,2,1,1,108,119
3945,2,1,2,2,1,109,56
3946,4,3,5,5,4,108,56
3947,3,3,3,3,3,49,56
3948,5,4,5,4,4,109,100
3949,2,2,2,1,1,27,100
3950,3,3,4,3,3,12,100
3951,2,2,1,3,2,109,17
3952,4,3,5,5,4,104,17
3953,3,3,2,2,2,27,93
3954,2,1,3,1,1,4,93
3955,4,3,5,3,3,12,93
3956,4,4,3,5,4,4,85
3957,4,4,4,5,4,27,85
3958,5,5,5,5,5,108,103
3959,1,2,1,1,1,88,103
3960,4,5,3,4,4,4,103
3961,3,2,4,4,3,109,97
3962,5,5,5,5,5,104,97
3963,1,1,1,1,1,49,97
3964,2,3,2,2,2,4,41
3965,1,1,1,1,1,12,41
3966,4,5,3,3,3,104,38
3967,4,5,3,3,3,49,38
3968,2,1,3,1,1,196,145
3969,3,3,3,3,3,23,145
3970,1,1,1,1,1,200,145
3971,3,3,2,4,3,2,37
3972,4,4,5,4,4,200,37
3973,2,3,1,2,2,40,37
3974,2,1,3,3,2,200,17
3975,5,4,4,4,4,40,17
3976,4,5,3,5,4,23,17
3977,1,1,1,1,1,40,105
3978,5,5,4,5,4,196,105
3979,2,2,3,1,2,23,105
3980,1,1,2,1,1,200,68
3981,1,2,2,2,1,2,99
3982,2,1,2,1,1,196,99
3983,3,3,4,2,3,200,38
3984,4,3,5,3,3,196,38
3985,1,2,1,1,1,2,38
3986,4,3,4,3,3,40,47
3987,4,3,5,3,3,200,47
3988,2,3,1,3,2,23,47
3989,5,5,5,5,5,40,58
3990,3,4,4,4,3,23,58
3991,2,3,3,1,2,200,58
3992,5,5,5,5,5,2,3
3993,2,1,1,3,1,23,3
3994,2,1,3,2,2,200,3
3995,2,3,2,1,2,23,34
3996,2,3,3,1,2,200,34
3997,2,2,1,3,2,200,78
3998,1,2,1,2,1,200,148
3999,5,5,5,5,5,2,117
4000,5,5,5,4,4,196,118
4001,2,3,1,2,2,200,118
4002,2,2,1,3,2,23,128
4003,2,1,1,2,1,40,66
4004,2,1,1,1,1,2,66
4005,1,1,2,2,1,200,32
4006,2,2,1,2,1,196,32
4007,4,3,5,5,4,2,32
4008,5,5,4,4,4,2,101
4009,3,4,2,2,2,200,101
4010,1,1,2,1,1,196,101
4011,4,4,5,4,4,200,88
4012,2,3,3,3,2,2,88
4013,1,1,1,1,1,40,88
4014,4,3,4,5,4,196,75
4015,5,4,5,5,4,23,75
4016,2,2,3,2,2,2,29
4017,3,2,4,3,3,23,137
4018,4,5,4,3,4,2,137
4019,3,4,3,4,3,40,120
4020,5,5,5,4,4,2,120
4021,4,3,5,3,3,2,146
4022,2,3,3,2,2,200,146
4023,4,3,4,5,4,196,146
4024,2,2,3,3,2,2,55
4025,4,3,5,3,3,40,55
4026,5,5,4,5,4,23,55
4027,4,3,3,3,3,196,15
4028,4,3,4,4,3,23,103
4029,4,3,4,3,3,196,103
4030,2,3,1,2,2,2,144
4031,3,2,4,4,3,200,144
4032,3,2,2,4,2,196,144
4033,1,1,2,2,1,196,113
4034,1,1,1,1,1,23,35
4035,4,4,4,3,3,200,35
4036,2,2,1,1,1,2,35
4037,5,4,4,4,4,40,23
4038,1,1,1,2,1,2,23
4039,2,2,1,3,2,200,23
4040,5,5,5,5,5,40,49
4041,4,3,3,3,3,200,139
4042,2,1,1,2,1,23,139
4043,5,4,5,5,4,40,139
4044,3,3,2,3,2,23,140
4045,4,3,5,4,4,2,140
4046,4,5,5,3,4,196,140
4047,1,1,1,1,1,200,112
4048,1,1,2,1,1,196,112
4049,1,2,2,2,1,196,109
4050,2,2,1,1,1,200,109
4051,3,4,2,2,2,40,19
4052,5,5,5,5,5,2,19
4053,2,3,1,1,1,200,19
4054,3,3,3,4,3,200,24
4055,3,4,3,3,3,2,24
4056,2,1,2,1,1,40,24
4057,4,4,3,3,3,2,110
4058,5,5,4,5,4,23,110
4059,5,4,5,4,4,200,134
4060,1,1,1,2,1,2,134
4061,1,1,1,1,1,40,131
4062,2,2,2,2,2,200,131
4063,4,4,4,3,3,200,43
4064,5,4,5,4,4,196,43
4065,1,1,2,1,1,196,95
4066,2,2,1,1,1,200,62
4067,2,3,2,1,2,23,62
4068,4,4,3,3,3,2,62
4069,1,1,1,2,1,196,69
4070,1,1,2,1,1,2,69
4071,2,2,1,3,2,2,125
4072,1,1,1,2,1,2,39
4073,2,2,1,1,1,200,39
4074,3,3,2,4,3,200,30
4075,3,3,4,4,3,200,71
4076,2,3,2,1,2,200,126
4077,3,4,4,2,3,2,2
4078,2,3,1,1,1,200,2
4079,3,2,2,3,2,23,2
4080,5,5,5,4,4,40,10
4081,3,2,2,2,2,196,10
4082,2,3,1,3,2,23,10
4083,4,5,5,5,4,23,5
4084,5,4,4,4,4,2,5
4085,2,2,2,3,2,200,33
4086,2,2,1,3,2,196,33
4087,5,5,4,4,4,40,123
4088,2,3,2,3,2,23,133
4089,2,2,3,1,2,196,133
4090,1,1,2,1,1,2,133
4091,5,5,5,4,4,196,89
4092,2,3,3,1,2,40,130
4093,5,5,5,5,5,23,130
4094,5,5,4,5,4,196,130
4095,5,5,5,5,5,2,26
4096,1,1,1,1,1,2,116
4097,3,3,2,3,2,200,116
4098,2,1,2,2,1,40,87
4099,3,3,3,3,3,23,132
4100,4,5,5,4,4,40,132
4101,2,3,1,2,2,200,132
4102,4,4,3,3,3,23,122
4103,1,1,1,1,1,2,122
4104,5,5,5,5,5,200,122
4105,4,3,3,5,3,200,100
4106,1,2,2,1,1,2,100
4107,5,5,5,5,5,40,100
